id,position,siteratio
P36578,,0.22
P55036,,0.31
Q9UNF1,,0.27
E9PQY2,,-0.40
O94826,,0.26
O43264,,-0.64
Q92575,,0.36
Q92575,,0.20
P98172,,0.61
Q14498-2,,-0.17
P62877,,-0.32
C9J837,,0.46
P18206,,-0.37
O43765,,0.16
O15269,,-0.27
O95235,,0.54
Q8N1B4,,-0.23
Q96BN8,,0.27
Q6P1J9,,0.52
P51452,,-0.09
Q92979,,0.26
O43583,,-0.15
O60701,,-0.36
O94964-2,,0.19
Q92616,,0.41
E9PJD7,,0.45
Q96A65,,-0.58
Q1HDL3,,-0.12
P49458,,0.11
P49458,,0.43
Q9Y5Q9,,0.21
P52272,,-0.20
Q9Y5V3-2,,0.34
Q13123,,0.03
Q96B26,,-0.20
Q96B26,,-0.19
Q12789,,0.12
Q96EI5-2,,-0.07
P07199,,0.43
Q96PK6,,0.07
Q16401,,-0.43
Q9NPA8,,-0.49
P61970,,-0.03
G3V1Z5,,0.21
Q9Y277,,-0.03
P30041,,0.26
Q9UBM7,,0.34
P62913,,-0.17
P20248,,-0.27
Q13049,,0.38
P50914,,0.30
P49327,,-0.04
P49327,,0.26
P62851,,0.03
P06744,,0.21
F5GWP8,,-0.08
Q15334,,0.47
P18206,,-0.08
P25787,,-0.03
P11233,,0.10
E9PHK9,,0.99
Q15233,,0.40
Q92979,,-0.16
Q9NW08,,-0.23
P19367,,0.23
Q9Y3Y2-3,,-0.13
Q13263,,-0.20
O75367,,0.12
P18206,,0.42
P18206,,0.74
Q8IXQ5,,0.22
Q9UPN4-2,,0.12
P55263,,-0.02
O95456,,-0.10
Q8IZD4,,-0.40
Q6Y1H2,,0.09
P31153,,-0.48
Q01844-5,,-0.14
Q9NWZ8,,-0.35
P40227,,0.02
P40227,,-0.05
Q86YT6,,0.42
Q6P2Q9,,-0.37
F5H3A1,,0.62
P06733,,0.18
P00558,,0.35
Q8N490,,-0.23
P35611-3,,0.28
Q86SX3,,-0.62
O94906,,0.22
P04083,,0.01
P17980,,0.11
Q6IPU0,,0.11
P09382,,0.06
O14964,,-0.15
P55072,,0.12
Q86VI3,,-0.02
Q86VP6,,0.39
Q8NFW8,,-0.51
F5H3A1,,-0.60
F5H3A1,,-0.05
Q96C86,,0.24
P05204,,0.19
Q2TAK8,,-0.36
Q13526,,0.64
P49773,,0.28
Q03135-2,,-0.02
Q9BW61,,-0.54
P63220,,0.27
P62269,,0.04
Q09666,,0.32
P50914,,-0.30
Q09028,,0.10
P68036,,0.09
P36873-2,,-0.37
P08238,,-0.17
Q9BWT7,,0.36
P62873,,0.37
Q9Y3Z3,,0.40
P49790,,-0.14
Q15019-2,,-0.01
E7EQD5,,-0.08
Q9UJA5,,-0.13
O76080,,0.10
Q09666,,-0.20
Q96EZ8-2,,-0.10
Q09666,,-0.31
P29966,,0.52
P29966,,0.24
O75347,,-0.01
O75347,,0.10
O75347,,-0.39
P15880,,0.29
P15880,,0.31
P15880,,0.50
Q14980,,0.40
P52565,,0.38
Q09666,,0.37
Q9H7Z7,,-0.07
Q9BTT4,,0.03
Q13418,,-0.56
Q03252,,0.03
Q03252,,-0.25
Q8WXF1,,0.24
P49915,,-0.30
O15212,,0.00
P15924,,0.02
P26006,,1.28
P12270,,-0.74
O43463,,-0.13
P22314,,0.21
P00558,,0.69
O15427,,0.40
Q8TCJ2,,0.16
Q9BUP3-3,,-0.21
Q08945,,0.14
Q8TBC4,,0.40
P60842,,-0.33
Q14980,,0.29
P52948,,0.13
Q14331,,-0.05
Q15907,,-0.26
Q8TC12,,0.31
P14678-3,,0.00
E9PDH7,,0.21
F8VVA7,,-0.31
P19021-5,,0.43
O75674,,-0.17
P29401,,0.51
P23634-6,,-0.06
Q96TA1,,-0.28
C9JX46,,-0.04
P41208,,0.26
P09211,,-0.02
Q01581,,-0.03
P26641,,-0.08
Q9Y3B4,,0.33
Q9H0U9,,-0.86
Q6NZI2,,0.31
P50750-2,,0.12
O60506,,0.57
Q15776,,-0.07
Q9H5H4,,0.12
P62714,,0.23
Q96GQ5,,0.31
O15118,,-0.06
E9PF86,,0.21
P25490,,0.15
O75369-8,,0.15
P50502,,0.03
Q92995,,-0.33
Q9BZH6,,-0.10
Q92900,,-0.23
P06733,,0.38
Q96S55,,0.29
F5GX28,,0.07
Q9ULH0,,0.20
Q15233,,0.24
P42025,,0.50
O14929,,0.19
O43709,,0.17
Q8N163,,0.02
Q8N163,,0.12
Q07020,,-0.21
P20618,,0.09
Q9P2E9,,-0.17
E7ENH9,,-0.88
Q9Y2T2,,-0.24
Q9H444,,0.42
P35579,,0.36
Q86TI2-2,,0.50
P51151,,-0.15
Q86XL3,,-0.26
P05198,,0.17
P67936,,-0.13
Q92945,,0.02
P40227,,0.00
O94964-2,,0.01
P07199,,-0.10
Q15417,,0.35
Q15417,,0.27
Q9HCK8,,0.22
E9PB02,,0.47
Q02241,,0.07
P60604,,-0.11
O00308,,0.01
Q14566,,0.29
P62424,,-0.43
Q6NZI2,,0.22
Q9HCU5,,0.31
Q00610,,-0.05
P33552,,-0.09
P62266,,0.03
P62308,,0.15
Q96CS3,,0.31
Q9Y5B9,,0.25
P36873-2,,0.15
Q14592,,0.05
O75581,,0.19
O95229,,0.46
Q9H0F6,,0.49
Q96EQ0,,0.64
F5H3A1,,0.34
P23634-6,,0.02
Q15276,,0.03
O43765,,0.39
Q99615,,0.37
Q15424,,0.69
P16949,,0.59
Q16222,,-0.17
P50502,,0.40
Q13310-3,,0.41
Q13310-3,,0.48
Q9NUP9,,-0.03
Q92783,,0.12
O75886,,0.05
O15355,,-0.01
P28066,,0.17
P55072,,0.31
Q5STQ1,,0.28
Q14240,,-0.20
P38159,,0.18
Q15434,,0.33
P60842,,-0.25
P35221,,-0.15
P04083,,0.21
P04083,,0.23
P08133,,-0.15
Q9H269,,0.22
Q14204,,-0.15
P36543,,-0.21
Q9BWT7,,-0.09
Q7LBR1,,-0.07
Q9H7N4,,-0.13
Q6PJT7,,0.49
Q9UJX3,,0.21
P83731,,0.05
O14818,,-0.07
Q96J84-2,,0.48
Q96J84-2,,-0.07
Q96J84-2,,0.07
E9PRY8,,0.40
H0YG33,,0.09
P62993,,-0.18
Q8N7H5,,-0.07
Q49A26,,-2.30
F5H098,,-0.22
P14866,,-0.12
Q4LDG9,,-0.35
P05455,,0.28
P54687,,-0.22
Q8N0X7,,0.21
P15311,,-0.03
Q13310-3,,0.16
P62424,,-0.68
Q99613,,-0.16
Q15058,,0.04
Q00765,,0.41
O14936,,0.18
P08238,,-0.21
E7EVU8,,-0.14
Q9NXH9,,0.41
P15311,,0.20
Q15459,,0.76
Q8TAQ2,,0.24
Q93008,,0.58
F5GYQ1,,0.15
P31949,,-0.19
P13639,,0.23
P63104,,-0.12
Q9UBE0,,-0.18
P20700,,-0.18
P62888,,-0.15
Q969J3,,-0.56
Q6PKG0,,0.01
P49454,,-0.21
P06737,,-0.02
P06737,,0.16
P11216,,0.69
O60488,,-0.15
Q7KZF4,,-0.61
P61313,,-0.20
P49790,,0.43
Q6IBW4-4,,-0.26
Q9Y6I3-1,,0.28
Q9Y6I3-1,,-0.40
P35579,,-0.45
P62826,,0.32
Q9UBM7,,0.36
Q01082,,-0.01
P49327,,0.16
O15144,,-0.10
Q8NC51,,-0.16
Q9P2E9,,-0.20
P27105,,0.17
P05106,,-0.04
O60216,,-0.04
P62993,,-0.28
P14866,,-0.01
P15311,,0.25
P67775,,0.30
P62424,,-0.36
Q00765,,0.38
Q58FF8,,0.20
P20700,,-0.15
P20700,,0.21
P06748,,0.19
P20339,,-0.28
P08133,,0.30
P06737,,0.05
P40855,,0.45
O60488,,0.06
O95573,,0.07
P54764,,-0.14
Q9P2E9,,0.31
O60216,,0.28
Q02539,,-0.56
P16401,,0.19
Q01650,,0.57
Q01650,,0.06
P33991,,0.40
P50990,,0.32
Q96T88,,-0.04
E7EVU8,,0.10
Q16763,,0.61
P18206,,0.63
Q9Y2H0-3,,0.17
P35998,,0.24
P62195,,-0.12
Q9HD42,,-0.06
Q13247,,0.51
Q9UQE7,,0.14
Q13310-3,,0.18
P11940,,0.23
O75937,,-0.42
O75937,,-0.21
P50613,,-0.67
P38159,,0.37
G3V110,,0.07
O43765,,0.02
Q02790,,0.25
C9JCC6,,0.27
C9JCC6,,-0.12
Q9Y617,,-0.06
P19338,,-0.29
Q05086,,0.11
P63272,,0.01
O43809,,0.13
O43809,,0.17
O43809,,0.31
O43809,,-0.04
Q8N9Z2,,0.18
Q99661,,-1.70
G8JLA2,,0.51
P50990,,-0.55
O75608,,0.62
Q15233,,0.40
Q53F19,,1.20
Q9NZJ0,,0.83
P33993,,0.12
P33993,,0.18
P27105,,0.45
Q9BZX2,,0.37
P78527,,-0.16
P35221,,0.25
P10768,,0.13
P16152,,-0.05
Q86UP2,,0.33
O14818,,0.20
Q9UBC2-2,,0.81
P36956-4,,0.91
Q9UHB9,,0.94
Q9BYX2,,0.16
Q9NV06,,0.26
O60232,,-0.44
Q8TAQ2,,0.02
P09211,,0.41
P04075,,-0.19
P04075,,0.35
P04075,,-0.06
Q9UHP3-3,,0.20
P13010,,0.23
Q08379,,-0.45
P11802,,0.22
O96033,,0.70
Q14980,,0.28
Q9Y678,,0.19
Q13618,,0.25
P54652,,-0.13
P56282,,0.12
P36543,,-0.14
Q9Y4W2,,0.33
P09651,,0.36
Q9Y696,,0.03
P53999,,-0.19
P62937,,0.02
P00491,,-0.07
Q9UBB4,,0.06
Q9UJX3,,0.04
Q13509,,1.48
Q9BVA1,,0.87
Q9NR33,,0.14
Q9H7F0,,0.11
Q92522,,-0.66
Q6GQQ9,,0.10
P26006,,1.57
O43795,,-0.01
Q03135,,0.13
P04637,,0.13
G5EA30,,0.17
Q9UNS2,,0.39
P50148,,0.02
Q14683,,0.39
Q9Y3U8,,-0.17
P09874,,0.14
P50995,,0.62
P08133,,0.56
E9PB61,,0.05
Q96KP4,,0.17
O43306,,0.53
P27708,,-0.65
Q00403,,-0.29
Q9NV96,,0.48
Q9NV96,,0.09
Q9NV96,,0.30
Q9Y3B4,,0.06
Q9NZL4,,-0.37
P82932,,-0.26
P46783,,-0.43
E9PAV3,,0.03
P54652,,-0.13
H0YG33,,0.46
Q9NUP9,,-0.12
O15119,,-0.08
Q14974,,0.15
Q1KMD3,,0.37
P49006,,-0.15
P29966,,0.02
Q01995,,-0.26
H0YG33,,-0.05
H0YG33,,0.10
P22307,,-0.12
P22307,,-1.08
Q12904,,0.06
P62266,,-0.16
Q99700,,-0.18
Q68CP9,,0.15
Q9UBQ5,,0.10
Q9NQ34,,-0.06
Q6P0N0,,0.00
Q8WYP5-2,,0.27
Q12933-2,,0.29
Q9BSL1,,0.35
P43121,,-0.07
P50990,,0.00
Q13263,,0.22
O75190,,0.06
Q07020,,-0.08
O94888,,0.69
O94888,,0.33
O94888,,0.96
Q09666,,-0.01
E7EW20,,0.72
Q07666,,0.03
P78527,,-0.42
P78527,,-0.05
P41223,,-0.36
Q9UPN4-2,,-0.27
P53814-6,,-0.56
Q9UIG0,,0.17
Q00839,,0.20
E9PHK9,,0.15
Q14315,,-0.17
O75369-8,,0.07
P39656,,0.47
Q9UGP8,,-0.03
P30086,,0.41
Q13200,,1.00
Q13200,,0.64
Q13200,,0.40
Q01780,,0.43
Q9Y6K9-2,,-0.24
O95816,,0.66
O95816,,0.53
Q5BJF6,,0.28
E7EVU8,,0.32
P62913,,0.10
P07947,,0.21
Q9P1Y6,,0.18
Q9UBT6,,0.41
P80723,,0.12
P02545,,-0.14
P25686,,0.30
Q96T23,,1.12
Q9NPD8,,0.19
Q9NPD8,,0.36
Q96GG9,,0.56
Q96GG9,,0.33
O00443,,0.07
P12270,,0.17
A7YIJ8,,0.15
Q14980,,-0.09
Q9UHR5,,0.43
Q03252,,0.24
Q03252,,-0.09
P08648,,0.77
O60216,,-0.11
Q9P016,,0.21
P61964,,0.06
Q9NR12,,-0.27
P35579,,0.26
Q9BWT7,,0.21
O14530,,-0.34
P26038,,0.09
Q9Y265,,0.37
Q01082,,0.50
P11388-4,,0.59
Q14320,,-0.30
P11802,,0.37
Q9UBH6,,-0.08
P35251,,0.47
Q13263,,0.11
Q12834,,0.07
P49790,,0.16
Q16543,,0.08
Q32Q12,,-0.07
O94782,,0.36
Q9BPX3,,0.19
Q9BPX3,,0.34
Q9Y2W1,,1.20
P55072,,0.28
P55072,,0.22
P55072,,0.01
P55072,,0.11
P49790,,0.04
Q92922,,0.14
P62917,,-0.49
P16403,,0.42
Q96NC0,,-0.19
O95470,,0.81
E9PK25,,0.07
P55884-2,,0.02
Q16576,,0.13
Q15459,,1.08
P09874,,-0.02
Q09666,,0.39
Q9Y2I1,,-0.28
Q15750,,0.78
P78371,,-0.13
P78371,,-0.11
E9PHK9,,-0.02
P48643,,0.19
P07355-2,,0.35
Q9Y5B9,,0.46
Q13185,,-0.16
O94782,,0.03
Q9Y2V2,,-0.05
Q86T82,,0.51
Q9UEU0,,-0.19
P16949,,-0.27
P48729-2,,-0.13
O15294,,-0.24
P46459,,0.06
Q9UKK6,,-0.30
P50502,,0.60
Q6P0N0,,0.00
Q6P0N0,,0.02
P20337,,-0.02
Q8WTW3,,-0.54
P28074,,0.05
P28074,,-0.04
P28074,,-0.32
Q96C19,,-0.02
Q15424,,-1.39
Q5T9B7,,0.32
Q02790,,0.25
Q02790,,-0.01
P19338,,0.22
P19338,,-0.24
P46940,,-0.09
P30050,,0.11
P16401,,0.20
P0C0S5,,0.19
P0C0S5,,0.17
P0C0S5,,0.26
Q96G74,,0.14
Q9Y508,,0.31
Q14019,,0.20
Q6NUQ4,,-0.15
Q14019,,0.25
P00338-3,,-0.09
P00338-3,,-0.06
O00154-4,,-0.02
P14324,,0.34
P14324,,-0.01
P57740,,0.16
Q6NUQ4,,0.41
Q6P0N0,,0.43
Q9UHD8,,0.41
G5E9Q2,,0.17
P11142,,0.42
P50552,,-0.19
Q00765,,0.16
O75165,,-0.35
Q9Y230,,0.03
P61981,,0.21
P62851,,0.15
P62851,,-0.03
Q9H467,,-0.22
Q9Y6Y8,,0.34
Q5VTI5,,-0.18
Q9BYM8,,0.47
P18206,,0.26
Q2M389,,-0.08
P51659,,0.59
P33240,,0.43
P12270,,-0.43
P62333,,0.04
P62333,,0.25
O00487,,0.71
O00487,,0.42
P50990,,0.21
P11940,,-0.02
O75475,,0.38
Q5VTR2,,-0.26
Q5VTR2,,-0.29
Q9H7N4,,-1.12
P06733,,0.44
Q5EBL8-2,,0.00
Q93009,,0.27
P98082,,-0.16
B3KXW5,,0.04
F5H3A1,,0.65
E7EUT4,,0.10
P60981,,0.23
P63167,,0.10
P50579,,0.00
P35613,,0.30
P60953,,0.04
P60953,,0.36
P63000-2,,0.69
Q9Y281,,0.02
E9PK25,,0.35
E9PK25,,0.09
P26641,,0.20
P08865,,0.01
P84095,,0.32
Q9BPX3,,0.15
Q9GZS1-2,,-0.33
P06733,,0.20
Q9NXF7,,0.27
Q00610,,0.16
Q00610,,0.01
Q9P0L0,,0.89
P78347,,0.76
P23396,,-0.19
O15511,,-0.09
Q92572,,0.13
Q9NRC1,,0.74
Q15819,,-0.08
Q15149,,0.11
Q8WU10,,-0.21
E7EQD5,,0.03
P31153,,0.47
P07910-2,,0.21
P62899,,-0.53
O43175,,-0.05
P04075,,-0.30
O76024,,0.19
Q9UPT9,,-0.22
H7BY58,,-0.40
Q9Y5V3-2,,0.53
P06737,,0.06
Q9BVT8,,0.20
Q8IVM0,,0.16
Q8NB37,,0.10
E7EQZ4,,0.30
P27694,,-0.10
Q99622,,0.10
P12956,,0.02
P12956,,-0.24
Q9BQE3,,1.05
P61927,,-0.50
P12755,,0.71
O43143,,0.45
Q13501,,0.24
O14949,,0.71
P62280,,0.22
Q8NFJ5,,0.77
P07355-2,,0.22
Q8NFH5,,0.74
Q99832,,-0.13
P18621,,-0.20
P02795,,0.23
P04083,,0.01
P04083,,-0.19
P17980,,0.05
Q8WYP5-2,,-0.22
P18077,,0.01
Q96RS0,,-0.09
P62979,,0.30
P58546,,-0.15
C9JC87,,0.43
Q9UPN4-2,,-0.65
Q9H4L7-2,,0.03
O75367,,-0.36
Q9BUZ4,,-0.18
P27694,,0.42
P60510,,-0.01
P83731,,-0.06
P09936,,0.32
P05388,,0.33
Q9UBZ4,,-0.28
P13010,,-0.06
P62875,,0.12
P32456,,0.46
P78347,,-0.28
Q14847,,-0.23
Q14847,,0.07
P67775,,0.35
O15269,,-0.01
Q16543,,-0.18
F5H3A1,,0.23
Q16850,,0.02
O14776,,0.43
Q14980,,0.04
P20700,,-0.31
P62263,,-0.22
Q96PM5,,0.08
Q9Y4W2,,-0.02
P25788,,0.80
P07951,,0.32
Q02241,,0.55
Q14592,,0.02
Q86YT6,,0.25
P63010-2,,0.10
P63010-2,,-0.47
Q9Y4E5,,0.96
Q9Y4E5,,0.97
Q9Y4E5,,0.88
D6REX3,,-0.25
P30626,,-0.20
Q9C0C9,,0.21
P11142,,0.32
P11142,,0.35
P46939,,0.66
Q96PZ2,,0.05
Q5VTR2,,0.20
Q09666,,-0.44
Q96RN5,,0.03
Q9BTT0,,0.41
Q9BTT0,,0.08
Q68DH5,,-0.30
Q7Z5G4,,0.13
Q7Z5G4,,0.43
P18074,,0.29
Q49A26,,-1.05
P49790,,-1.33
P31948,,0.18
Q14192,,-0.21
Q8WU20,,-0.90
Q15072,,-0.15
Q9UPN4-2,,0.31
P53794,,0.11
P15880,,0.01
Q9UHR5,,-0.27
F5H3A1,,-0.48
F5H3A1,,-0.17
P49790,,0.07
Q13247,,-0.10
P23470,,0.26
P23470,,0.16
Q14839-2,,0.12
P06753-2,,-0.28
P35998,,-0.20
P35998,,-0.06
E9PK25,,0.23
Q9NYP9,,-0.10
Q92598,,-0.23
P49790,,-0.28
P11047,,0.02
Q9P0L0,,0.92
Q7RTV0,,0.65
Q9Y692,,-0.14
P31321,,-1.55
Q86YT6,,0.69
Q9NYP9,,0.14
Q9Y4E5,,0.94
O15355,,0.81
Q16629,,-0.02
P20700,,-0.22
Q99729-3,,-0.01
P17980,,0.29
P17980,,0.01
P54727,,0.43
P35367,,-0.28
Q9BRA2,,0.43
Q9UHD8,,0.10
O43795,,0.04
Q8IWX8,,-0.15
F5H3A1,,0.41
F5H3A1,,0.21
P53680,,0.42
H0YG33,,0.18
P11142,,0.14
P07355-2,,0.14
Q9NVQ4-2,,-0.09
Q5T9B7,,0.16
Q13438,,0.88
Q13438,,-0.16
Q8ND90,,-0.24
Q9NRW7,,0.16
Q99549,,-0.12
O00418,,0.51
P62805,,0.36
Q86YD1,,0.06
P17302,,0.02
P17302,,0.29
Q14683,,0.43
O75695,,-0.26
Q8NFC6,,0.47
O95376,,-0.05
O15164,,-1.24
P38159,,-0.05
P17987,,0.28
P53999,,-0.09
P60604,,-0.14
Q93008,,0.40
P22314,,0.33
P05141,,-0.50
Q9H467,,0.91
O75369-8,,0.23
P12270,,0.43
P18077,,-0.06
P31948,,0.67
P31641,,0.35
P31641,,0.30
O75475,,0.51
O75475,,0.88
P23458,,0.20
Q13838,,0.43
P78347,,0.08
E9PBC2,,-0.88
Q6P4Q7,,0.44
Q5BJF6,,0.08
P60842,,-0.12
Q15691,,0.48
G5E9Q2,,-0.07
Q96BN8,,0.63
P06213,,-0.17
Q9NPF4,,-0.18
P62269,,-0.51
Q8NC54,,0.16
Q86TG7,,0.31
P49327,,0.11
Q92504,,0.69
Q14566,,0.29
Q14157-1,,0.34
P53350,,-0.28
P09543,,0.02
P09543,,0.41
P04792,,0.09
Q9Y4E5,,0.87
H7BXD2,,0.21
Q9NRL2,,0.37
P18206,,-0.07
P61024,,-0.21
Q07955,,-0.18
Q5VVJ2,,0.06
Q07955,,0.36
P50995,,-0.02
Q16850,,0.14
Q8TAQ2,,-0.13
P62273,,0.16
Q8IZ07,,0.32
P06213,,-0.05
P51665,,0.12
P10721,,0.06
P07900-2,,0.18
Q15392,,0.09
Q9H223,,0.10
P62854,,0.35
P62854,,-0.03
Q9H330-2,,-0.06
P07741,,0.05
Q92688,,0.15
Q92688,,0.26
P14625,,-0.17
Q8N5D0,,0.07
O43148-2,,-0.07
Q15417,,0.68
Q15417,,0.67
Q15417,,0.59
P35579,,0.14
Q01974,,-0.14
P38435,,-0.41
P62333,,0.44
H9KV44,,-0.26
Q86YT6,,0.21
Q8WTV0-2,,0.09
O95347,,0.00
Q14683,,0.30
Q14232,,0.04
Q15233,,0.45
Q9Y295,,0.29
Q14517,,0.74
Q9Y3I0,,-0.20
Q15853,,-0.14
Q9BZK7,,0.12
Q92598,,-0.36
Q02790,,0.11
Q96G28-2,,-0.17
P62851,,0.35
O14786,,0.35
Q9BVK6,,0.09
P61247,,-0.12
P78406,,-0.34
Q96ST3,,-0.04
Q9Y4E5,,1.03
Q01081,,0.30
Q9Y230,,0.00
P61088,,0.00
F5H3A1,,0.04
Q13247,,0.49
P11388-4,,0.42
O14730,,-0.46
Q9UP95,,0.33
P12268,,0.13
Q13200,,0.43
Q8WTV0-2,,0.35
P52272,,0.33
Q92598,,0.59
Q96AG4,,-2.81
Q9Y2W1,,0.43
Q92466,,0.78
P26583,,0.08
Q9Y4E5,,0.96
P24928,,0.12
P63244,,-0.18
P11142,,-0.09
F5H3A1,,0.06
O14730,,-0.38
P04083,,0.21
Q08945,,0.23
P31153,,-0.01
A5YKK6,,0.04
Q13242,,0.43
Q14498-2,,0.17
Q86YD1,,-0.29
P51858,,0.14
Q14980,,0.63
Q96S55,,0.49
P04899,,0.04
Q6P2Q9,,1.32
Q9H307,,0.02
Q14103,,-0.09
Q99729-3,,0.05
Q92925,,0.11
O14545,,0.24
Q96GM5,,0.18
Q96GM5,,-0.05
Q14103,,-0.33
Q99729-3,,0.27
P06493,,0.72
H0YMV8,,0.22
P42677,,0.00
Q93009,,0.47
Q1KMD3,,0.21
Q8N5G2,,0.98
Q00839,,0.24
Q00839,,-0.19
Q96BM9,,-0.35
Q9NVJ2,,0.05
Q14204,,0.54
Q69YH5,,0.04
Q13371,,-0.34
O75396,,-0.17
Q15436,,-0.07
Q9NYL2-2,,0.11
P18583-5,,0.03
P12004,,0.77
P12004,,0.32
P12004,,-0.19
P16949,,-0.12
G3V110,,-0.26
Q13569,,-0.09
Q9BTT0,,0.16
Q14192,,-0.36
Q13490,,0.28
Q12772,,0.01
Q6PJT7,,0.90
P16220,,0.35
P07355-2,,0.07
P07355-2,,0.43
O00233,,0.60
F5H3A1,,0.19
F5H3A1,,0.10
F5H3A1,,0.07
Q16678,,0.47
Q4KMQ2-2,,-0.30
P08581,,-0.07
P08581,,-0.12
Q96PU8,,0.14
P46939,,0.13
P62805,,0.50
P62805,,0.02
Q15286,,0.08
Q99661,,-0.19
Q8IY22,,-0.98
P07900-2,,0.47
P07900-2,,0.12
P08238,,-0.15
P08238,,-0.31
Q9NTJ3,,0.16
O75165,,-0.22
Q92783,,-0.05
P11802,,0.08
P08621,,0.60
Q9NRG9,,0.28
P06744,,0.44
Q9NSC5,,0.61
F8WCA0,,0.71
P00338-3,,0.45
Q02224,,-0.25
Q96DX7,,0.11
O00267,,-0.23
O00267,,0.16
Q9NS91,,0.01
Q9NS91,,0.12
O14715,,0.22
Q14566,,0.47
Q9NR12,,-0.13
E9PFZ5,,0.35
Q13185,,0.06
Q9NPJ6,,0.01
P84101,,-0.17
P84101,,-0.38
P62195,,-0.34
P62195,,-0.28
Q8N4S9,,0.64
O95235,,0.29
O15381,,0.76
P10721,,0.10
P20618,,-0.32
P17568,,0.58
P12755,,0.89
Q96DX7,,-0.15
Q08357,,-0.20
Q9H5N1,,0.48
Q96EP5,,0.03
F5H1U2,,0.61
E7EVW0,,0.05
P61244,,0.19
P49790,,0.03
Q14764,,-0.10
O14980,,-0.54
Q9BTU6,,-0.21
P42285,,0.69
Q8TC12,,0.39
P12268,,0.47
Q9Y277,,-0.02
P61353,,-0.02
P21796,,0.09
Q9H2P0,,0.19
Q86U86,,-0.01
P25398,,0.81
Q96S55,,0.50
Q9UBE0,,0.12
Q13838,,0.72
P36507,,0.17
P68366,,1.00
Q15185,,0.19
Q9Y5V3-2,,0.17
Q9Y5V3-2,,0.36
P18621,,0.10
P61247,,0.38
Q9NR12,,-0.28
P22626,,0.47
P51991-2,,0.36
Q99729-3,,0.13
P17480,,0.53
P10644,,-0.05
O14602,,0.08
O14602,,-0.17
O75083,,0.70
Q05655,,-0.34
P83876,,0.07
O95297,,0.44
Q9Y5V3-2,,0.23
Q9Y5V3-2,,-0.12
O75794,,-0.26
O75794,,-0.31
Q00839,,0.74
P02545,,-0.24
O60488,,0.37
O43390,,0.48
O60506,,0.50
P11940,,0.17
Q96PK6,,-0.43
F8W930,,0.10
Q7KZF4,,0.68
O60331-3,,0.64
Q14152,,0.12
P62072,,0.18
Q3ZCM7,,0.97
P78371,,0.30
Q99615,,0.23
P08243,,-0.19
H0Y7A7,,0.20
H0Y7A7,,0.41
Q9BXW9,,0.07
Q13242,,0.66
Q8NC51,,0.12
P60174,,0.07
P60174,,0.32
O60925,,0.18
Q9C0C9,,0.16
Q15428,,0.36
Q02880-2,,0.74
P11388-4,,0.42
Q9NYL9,,-0.24
Q13426,,0.14
P78371,,0.27
Q9NRF9,,0.45
Q13435,,-0.02
Q9UNF1,,-0.16
Q9UNF1,,1.15
P38919,,0.61
E9PCS5,,0.71
O14950,,0.48
P24844,,0.42
O14950,,-0.05
P62841,,0.17
P15311,,-0.20
O00425,,0.48
P16949,,0.43
P52907,,0.53
Q8N0X7,,-0.20
Q14126,,-0.02
P55072,,0.39
P48436,,-0.08
P33993,,0.38
Q9BR76,,0.00
Q13951,,0.39
Q9NR45,,-0.07
Q9Y3T9,,-0.22
Q5BJF6,,0.24
O43502,,-0.39
Q96DH6,,0.00
E7EVU8,,0.37
Q9Y4X5,,0.51
P06132,,0.28
A8MXP9,,0.20
A8MXP9,,-0.17
P12268,,0.57
P09651,,-0.15
P09651,,-0.16
P51991-2,,-0.31
Q9UJ41,,0.42
Q9UJ41,,0.15
Q9UJ41,,0.18
P35579,,0.12
P53985,,0.51
P53794,,0.20
Q8TF42,,0.54
Q9GZN1,,0.01
P21333,,0.03
P22626,,-0.35
P22626,,0.02
Q8NC51,,0.23
Q96LJ7,,0.23
Q96J84-2,,0.63
O14524,,0.48
Q96EI5-2,,0.04
Q96J02,,0.66
O94776,,0.44
P07900-2,,0.06
P08621,,0.09
Q16643,,0.03
Q01105-2,,0.41
Q01105-2,,-0.17
G3V1Z5,,0.28
E9PF99,,0.22
P51797,,-0.03
O14980,,-0.89
P78347,,-0.29
Q16531,,0.43
P60903,,0.27
Q9NQS7,,-0.10
Q01995,,0.01
Q9NZE8,,-0.39
Q09666,,0.06
Q6NSJ5,,-0.07
B8ZZN6,,-0.24
Q06265-2,,0.24
P40763,,0.15
Q13546,,0.13
Q96EI5-2,,0.20
P46777,,0.32
Q14980,,0.40
Q14152,,-0.19
P05204,,0.32
Q9HCU8,,-0.12
Q8TAQ2,,0.13
P11717,,0.37
O00273,,0.13
Q9Y5B9,,0.08
P49790,,0.46
O15372,,-0.26
P07737,,0.03
A8MU27,,0.25
O15126,,0.07
Q15369,,0.54
O60671,,0.25
Q6P2Q9,,0.38
G3V1Z5,,0.16
P78527,,0.24
O15027-5,,0.21
O95229,,0.07
Q9P2E9,,-0.28
Q32Q12,,-0.07
P68431,,0.23
Q9NTJ3,,0.39
Q99832,,-0.57
H0Y3Y8,,-0.09
Q9Y3A5,,0.31
Q14344,,0.15
O43520,,-0.13
Q9NS91,,0.20
Q13427,,0.13
P63000-2,,-0.15
Q9UGP8,,-0.11
Q9UGP8,,-0.23
Q9BYM8,,0.33
P08133,,-0.25
P49790,,0.16
Q96T23,,0.50
Q9H299,,-0.09
Q9Y3Z3,,0.31
Q03468,,0.07
P67775,,-0.02
P14868,,0.14
Q15561,,-0.18
Q9UJ41,,0.52
Q9Y3T9,,-0.12
Q7Z417,,-0.05
Q9NR30,,-0.60
P52565,,0.29
P60228,,0.30
P35579,,-0.44
P26583,,0.00
Q04323,,0.29
P40227,,0.01
Q9UNX3,,-0.25
Q12834,,0.44
Q92785,,-0.35
Q9NUW8,,0.31
Q13242,,-0.06
P42566,,0.44
F5H025,,0.11
P28749,,0.00
P49757,,0.08
P15311,,0.09
Q16531,,0.41
P17980,,0.18
E7ERF5,,0.31
Q9Y4E5,,0.09
Q9H3P7,,-0.51
Q13435,,-0.20
P61160,,-0.21
P10599,,0.21
Q9H930,,0.01
Q15392,,0.05
Q15392,,0.27
Q15334,,-0.08
P31641,,0.18
P08670,,0.22
Q9HB71,,0.18
Q9HB71,,0.45
Q8TAQ2,,0.06
Q14444,,-2.96
Q92922,,-0.20
Q00839,,0.56
P35579,,0.17
P52292,,0.58
O14715,,-0.04
Q9Y4E5,,0.71
Q9BW27,,0.33
P42166,,-0.09
Q13029,,-0.24
O00422,,-0.17
Q9NZB2-6,,0.05
P27348,,0.24
Q9NUY8,,0.17
Q02878,,-0.15
Q86YT6,,0.17
E7EM95,,0.62
Q15067,,-0.01
O00762,,-0.03
P08238,,-0.16
Q13505,,0.27
Q13242,,-0.07
Q13242,,0.46
Q16531,,0.51
Q9UQE7,,0.00
Q15392,,0.56
P23497,,0.14
P11388-4,,1.17
P11388-4,,0.88
Q9Y4E5,,1.21
P26583,,-0.16
Q9NS56,,0.47
P51965,,0.15
P40855,,0.39
Q13838,,-0.08
Q13601,,0.36
Q9BR39,,-0.40
P60174,,0.24
P62424,,-0.50
P31948,,0.41
Q9UHD1,,0.15
Q5T1Z8,,-0.05
P67775,,0.26
P62714,,0.73
O60216,,-0.07
Q01082,,-0.21
O43491,,0.67
Q9NYH9,,-0.02
P02545,,0.24
P02545,,0.08
P11142,,0.47
P11142,,0.48
Q9UPT9,,-0.11
P12270,,0.36
Q14980,,0.60
P09758,,-0.21
Q9Y4K0,,-0.35
P62263,,-0.21
Q8WXX5,,0.01
Q13123,,0.22
P11388-4,,0.50
P06703,,-0.03
Q9Y295,,0.47
O95229,,0.05
Q9C0C9,,0.37
Q96Q45-3,,0.08
Q8WWI5,,0.16
P09874,,0.48
O95071,,0.18
P46781,,-0.29
P46781,,-0.16
P11940,,0.43
Q08357,,0.38
Q75QN2,,-0.70
Q14160-3,,-0.18
P06744,,0.18
P55072,,0.46
P55072,,0.11
P55072,,0.41
P55072,,0.66
Q96GD4,,-0.05
Q14566,,0.56
P30050,,0.16
O43663,,0.10
P33552,,0.22
O96019,,0.32
P23396,,0.21
P15408,,-0.40
P06703,,0.23
P07910-2,,0.40
O00422,,0.58
Q9UHA3,,-0.13
O14602,,-0.13
Q9UP95,,0.32
Q14980,,0.50
Q96T23,,1.35
P14618,,-0.03
Q8IXI2-3,,0.07
P08708,,0.36
Q9H8G2,,-0.38
P08238,,0.31
Q9NS91,,0.16
P49454,,0.00
Q9H223,,-0.30
P25789,,0.17
Q99536,,-0.35
A8MSW2,,0.33
C9JGA8,,0.24
O75165,,0.11
E9PRY8,,0.32
Q8WWQ0,,0.16
Q9NQS3,,0.04
Q07020,,0.24
P04075,,-0.16
P04075,,-0.54
Q92598,,0.68
Q92598,,-0.04
P11388-4,,0.49
Q9Y6I3-1,,0.08
Q9Y6I3-1,,-0.36
Q9Y2W2,,0.92
P15311,,0.32
Q9NVP2,,0.35
Q02241,,0.26
O00214-2,,1.03
P35659,,-2.43
O43809,,-0.05
Q04323,,0.55
Q07820,,0.14
Q86VI3,,-0.14
P11388-4,,0.72
Q8WWQ0,,0.16
P35579,,0.12
P60604,,-0.06
P43246,,0.23
P55263,,0.00
Q03135,,0.48
Q92783,,0.13
P35998,,-0.12
Q6SJ93,,0.41
Q6SJ93,,0.00
Q96PZ2,,0.23
Q9NQ84-2,,0.32
Q9Y3Y2-3,,-0.20
P62333,,0.41
P62333,,0.00
P61981,,0.31
Q14152,,0.45
Q8TBC4,,0.60
Q9H1K0,,-0.14
Q9NRW7,,-0.01
A4D2Q0,,0.37
A1L0T0,,0.26
P12270,,0.29
O95229,,0.22
O95229,,0.18
P12270,,-1.16
P61006,,-0.37
O75688,,0.05
Q9NYF8,,0.29
P20700,,0.41
Q96PZ2,,0.25
P06241,,0.68
P60510,,0.05
Q8NBN3,,0.16
P49903,,0.18
Q9C0C2,,-0.40
Q9UKS6,,0.12
Q9H1B7,,-0.30
Q9UK45,,0.05
P38919,,0.45
Q6P0N0,,-0.18
Q14699,,-0.11
P55011,,-0.52
Q9H1D9,,0.14
P78527,,0.30
P53985,,-0.02
P23526,,-0.27
O75694,,-0.22
O75694,,-0.03
Q9NPF0,,0.57
Q9BXP5,,0.50
Q9NZL9,,0.44
Q14839-2,,0.12
Q16678,,0.02
P10155,,0.07
P26038,,0.51
Q9NUQ2,,-0.49
P35367,,-0.40
P25398,,0.19
Q9NQS3,,0.22
Q9NQS3,,-0.24
Q14738,,0.41
P50443,,0.50
Q7Z3C6,,0.54
Q658P3-2,,0.19
Q96GG9,,0.52
Q96GG9,,-0.08
O75530-2,,0.05
Q9Y4E5,,1.39
Q96NE9,,0.13
Q00765,,1.48
Q12888-2,,0.37
P50990,,0.47
O75475,,0.18
O60216,,0.36
P19338,,0.01
P14625,,0.80
P08670,,0.37
Q8N163,,0.02
Q96HA1,,0.61
A8CG34,,0.34
Q96HA1,,-0.52
P55072,,0.18
P13010,,0.41
P25686,,0.37
P25686,,-0.25
Q14980,,0.12
Q9Y490,,0.35
Q9Y3Z3,,0.01
Q8NFW8,,0.67
Q9BVA1,,1.01
P12270,,-0.10
O15427,,0.09
P25789,,0.58
Q9NZT2,,-0.01
P04183,,0.40
P62995,,0.75
P00338-3,,0.06
Q07817,,-0.02
Q92499,,-0.22
P61019,,0.18
P04899,,-0.16
Q09161,,0.16
P28070,,0.39
P37108,,0.46
P18124,,0.13
P62851,,0.57
Q9P1Z2,,-0.15
Q0JRZ9,,0.00
P61247,,-0.06
P02545,,0.04
P02545,,0.14
F5H3A1,,0.32
P68104,,0.23
O95864,,-0.54
Q8NFW8,,0.13
P11047,,-0.04
Q9H9A7,,0.51
P62877,,0.18
Q13200,,0.23
Q13200,,0.60
O00203,,-0.28
O00203,,-0.12
P09874,,0.54
Q12996,,0.26
P11388-4,,0.75
A8KAH5,,-0.39
Q96EI5-2,,0.21
Q96EI5-2,,0.03
P61224,,0.28
Q02543,,0.44
Q9UNN5,,-0.18
Q8N7H5,,0.56
Q8N7H5,,0.02
P29992,,0.40
P50148,,0.72
Q13546,,0.48
P18846,,0.11
P37837,,-0.59
P13639,,0.25
Q9UKN8,,0.17
Q9HCS7,,-0.27
Q9Y2W2,,0.31
E9PCT1,,-0.43
F8W930,,0.64
Q09666,,-0.24
P18847,,-0.29
P00387-3,,0.20
Q5STQ1,,-0.32
Q92575,,-0.44
P62899,,-0.31
Q9P275-2,,-0.08
Q9H9J4,,0.00
P08670,,0.18
G3XAN8,,-0.19
P18124,,-0.34
P25490,,-0.42
P43487,,-0.30
Q92995,,-0.27
Q13443,,0.56
P09543,,0.41
P09543,,0.38
Q9BXJ9,,-0.38
E7EVU8,,0.40
Q01780,,0.39
A8MXP9,,0.23
P62244,,0.09
O43143,,0.03
P04899,,0.09
P04899,,-0.21
Q04760,,-0.02
O60488,,-0.05
P33993,,0.33
P08238,,1.30
P52272,,0.27
P30876,,0.33
Q32Q12,,-0.08
Q13310-3,,0.24
P11940,,0.43
Q99829,,-0.16
Q15691,,0.19
P61026,,0.02
P61313,,0.34
Q13243,,-0.22
O75694,,0.17
Q8WVN6,,2.23
Q9BSJ8-2,,0.54
G8JLB6,,0.32
P55795,,0.07
Q13049,,-0.03
P60174,,-0.26
P54578,,-0.22
P54578,,-0.19
P06733,,0.20
H0YIS7,,-0.33
P15311,,0.01
Q5VVQ6,,0.72
Q99729-3,,0.29
O14979,,-0.03
Q14103,,0.43
Q09666,,-0.18
P23396,,0.41
Q9UJK0,,0.34
Q8TDB6,,1.12
O14964,,0.15
Q96CS2,,-0.07
O95997,,-0.12
O60488,,-0.61
O95997,,0.27
P55072,,0.90
P62993,,-0.34
Q2TAY7,,0.21
Q9BV36,,-0.09
Q09666,,-0.13
Q96KR1,,-0.09
Q8NBU5,,0.31
Q99729-3,,-0.23
Q9Y5V3-2,,0.45
Q9Y5V3-2,,0.32
P39023,,-0.51
Q8N3R9,,-0.10
P00338-3,,0.19
P62701,,-0.13
O00472,,-0.88
Q9Y3A5,,0.12
P23396,,-0.24
P23396,,-0.02
Q13616,,0.33
P06748,,-0.26
O43491,,0.10
Q7Z392,,0.54
Q9NUQ7,,0.23
O43795,,0.11
Q12962,,0.28
Q12962,,0.23
Q14574,,0.38
Q96J02,,0.62
Q96J02,,0.51
Q96J02,,0.62
P21359,,-0.60
Q09666,,0.38
P49711,,0.36
P09429,,0.05
Q96SB3,,-0.16
Q9Y5T5,,0.21
O43592,,-0.24
O00186,,-0.24
Q09666,,-0.03
Q9H307,,0.05
Q9UMX0,,0.11
Q9HBM1,,0.02
Q9BXS5-2,,0.19
O75475,,-0.60
P17302,,-0.35
Q09666,,-0.23
Q09666,,-0.59
Q09666,,-0.18
Q09666,,-0.17
P35249,,0.02
Q6GQQ9,,-0.05
Q6GQQ9,,-0.31
Q6GQQ9,,-0.43
Q9H0H0,,-0.25
Q9Y617,,-0.17
Q16678,,0.14
Q16678,,0.33
P11387,,0.37
H3BRJ5,,0.58
P08670,,-0.04
Q969G3,,0.38
Q8WVT3,,0.23
Q9BSJ8-2,,0.21
P36873-2,,-0.17
H0Y3Y8,,-0.22
H3BRC1,,0.32
Q96B26,,-0.33
P55072,,0.22
Q8IX90,,-0.18
Q16204,,-0.27
O95864,,0.06
P68104,,0.24
O95864,,0.02
Q14566,,0.19
O00541,,0.28
G3V0I6,,-0.48
G3V0I6,,-0.13
P43487,,0.04
Q71RG4,,-0.22
Q8N3C0,,0.58
A8MXP9,,0.33
A8MXP9,,-0.30
Q9UKV5,,0.91
Q8ND90,,0.34
Q9UBZ4,,-0.11
P30101,,-0.25
P33993,,0.65
P33993,,0.64
P33993,,0.10
Q13045,,0.00
O00762,,0.70
O00762,,0.52
O00762,,0.49
O14929,,0.41
O14929,,0.59
F8W727,,0.20
P30530,,-0.05
Q9H4M9,,0.28
P14866,,0.24
P14866,,0.00
P62942,,-0.06
Q9Y2W1,,0.79
P61088,,-0.05
P61088,,-0.41
Q93009,,0.09
P27635,,0.09
P09382,,0.05
Q09666,,0.53
Q09666,,-0.16
Q09666,,-0.38
P63220,,0.02
Q9UIG0,,-0.43
P62140,,-0.20
P18084,,0.12
P13010,,0.26
O14777,,-0.61
P82979,,0.10
P62826,,0.06
Q5TB30,,0.63
Q13873,,0.23
Q9UHD8,,0.62
P52209,,0.25
E7EP23,,0.33
P60981,,0.11
Q9UNA4,,-0.18
Q01082,,-0.10
O43513,,0.21
P06400,,0.12
Q6P158,,-0.26
P14625,,-0.07
C9JS35,,0.27
P20042,,0.67
Q6PKG0,,0.29
E7EWZ9,,-0.81
P49720,,0.04
Q12789,,0.07
O00299,,0.23
Q9Y696,,0.06
Q9UKX7,,0.75
Q9NZV1,,0.12
Q96QD8,,0.64
Q96QD8,,0.39
O14730,,0.16
Q9UKV5,,0.80
P13639,,0.15
P13639,,0.44
Q09666,,0.34
Q09666,,0.33
Q09666,,0.31
Q09666,,0.24
Q09666,,0.17
Q09666,,0.43
Q09666,,0.36
Q09666,,0.02
P51149,,-0.13
P51149,,0.19
P63244,,0.22
Q9NS91,,0.59
P17480,,0.00
P10586,,0.22
P06737,,0.46
Q9Y4K0,,-0.04
O75475,,0.52
P14866,,0.07
Q9UPT9,,0.22
P06733,,0.97
P24844,,0.31
Q13148-2,,-0.65
Q13505,,-0.16
E9PF99,,-0.26
Q8N543,,-0.05
Q658P3-2,,0.25
Q9H269,,-0.10
Q03252,,0.04
Q15942,,0.02
Q9UPT9,,0.05
Q9Y2G3,,-0.15
Q99653,,0.14
Q2KJ05,,0.29
Q9NYF8,,0.26
Q02543,,-0.64
Q13435,,0.13
P12956,,0.01
P50607-2,,0.64
A8MSW2,,0.03
P33992,,-0.12
P33992,,0.25
P63244,,0.16
B7ZM82,,-5.23
O75367,,0.31
O75367,,-0.09
P15311,,0.21
P15311,,0.05
O75400,,0.90
P15170-2,,-0.38
Q9H3S7,,0.05
Q9H3S7,,0.01
E9PR30,,0.06
Q14315,,0.41
P12268,,0.46
Q9Y230,,0.37
Q96S55,,0.44
Q96S55,,0.00
Q9NRF9,,0.29
P62195,,-0.04
Q92598,,0.04
O95166,,0.15
Q9NPH3,,-0.12
Q9UNM6,,-0.04
P08238,,0.07
Q8NB90,,-0.54
P07900-2,,0.54
P07900-2,,0.19
Q13098-7,,-0.25
Q96T23,,0.77
Q9BUQ8,,-0.05
Q9GZZ1,,0.25
Q6PKG0,,0.56
P11387,,0.23
O75508,,0.51
P82675,,-0.11
O43390,,0.13
P52701,,0.42
Q6PL18,,0.06
P14618,,0.04
P14618,,-0.35
Q9BUP3-3,,0.00
Q8IX01,,0.48
P67809,,0.59
Q14596,,0.03
Q8N0X7,,0.14
O14777,,0.22
O60502,,-0.20
P55081,,0.34
P27635,,-0.01
Q9UNZ2,,0.38
Q12974,,-0.14
Q9H4H8,,0.14
O75369-8,,-0.03
O95816,,0.88
O95816,,0.74
P08758,,-0.01
Q8ND90,,0.28
P62241,,-0.17
P35579,,-0.13
E7EUT4,,0.14
P12270,,-0.44
Q08211,,-0.44
P09661,,-0.24
P49368,,0.55
Q16186,,0.32
P51911,,0.16
P48060,,0.39
E9PHK9,,0.38
P61313,,0.17
P46777,,-0.01
Q92598,,0.34
P23396,,0.20
Q96EP0,,0.98
A8MSW2,,0.24
P21291,,-0.42
Q8TEQ6,,-0.02
P55072,,0.38
Q9Y2W1,,0.58
Q93009,,-1.05
Q14699,,0.08
Q09666,,-0.02
Q9NQX7,,0.39
Q9NQX7,,0.27
Q93008,,0.22
Q9H999,,0.07
P55072,,0.21
P29966,,0.02
O75396,,0.05
Q08211,,0.45
Q14CA3,,0.48
P52272,,0.70
Q9NZD8,,-0.06
P61006,,-0.37
Q92930,,0.04
Q16667,,-0.01
P62829,,-0.07
Q9H4L5,,0.13
Q8TCZ2,,0.74
P14678-3,,0.64
Q14683,,0.58
Q14683,,0.53
Q6SJ93,,0.16
Q06323,,0.41
P11142,,0.20
P09382,,0.50
O00214-2,,-0.09
Q5VV42,,-0.01
P09651,,0.23
P38159,,0.35
Q14103,,-0.03
Q14103,,-0.17
O95639,,0.29
Q01469,,-0.01
P53621,,0.34
P53621,,0.30
P53621,,-0.05
O14979,,0.16
P62937,,-0.17
Q9UKX7,,0.48
E7EQR8,,-2.22
Q8IY63,,-0.57
Q8TC12,,-0.15
Q8TC12,,0.02
Q13049,,0.04
Q14192,,0.13
H7C2Q8,,-0.32
Q9H307,,0.45
Q6DD87,,0.17
Q9NXC5,,-0.19
Q99729-3,,-0.25
P46777,,-0.33
Q8NC51,,-0.20
Q9Y2W1,,0.57
Q9UM11,,0.36
P09874,,0.06
Q14181,,0.02
P39019,,-0.45
O75381,,-0.17
O00214-2,,0.87
P61011,,0.20
P61011,,0.48
O75533,,0.16
Q01081,,0.16
Q9Y3Z3,,0.38
E7EV01,,0.18
Q8NE01,,0.15
Q9Y295,,0.49
P51659,,-0.24
P06213,,-0.40
C9JS35,,-0.12
P23396,,0.81
Q09666,,0.08
Q09666,,0.10
P05783,,0.04
E7EVK3,,0.15
Q8NFW8,,-0.29
Q09666,,-0.58
Q09666,,-0.38
P07199,,-0.03
P52298,,0.22
Q92769,,-0.18
O00151,,0.22
F5H0C4,,-0.09
P57740,,0.24
P05388,,0.17
P55884-2,,0.44
P55884-2,,-0.09
P05556,,0.63
P40227,,0.21
P23381,,-0.15
Q9BZJ0,,0.09
Q9UL25,,0.07
Q13435,,0.13
P78527,,-0.23
O14715,,0.12
P54764,,0.21
Q14344,,0.36
Q13490,,0.11
P04075,,0.07
P55072,,0.51
E9PF99,,-0.64
P11388-4,,0.49
Q8NFW8,,0.09
C9JS35,,0.11
P11388-4,,0.77
P28715,,0.20
O95810,,0.29
P23526,,0.35
P23526,,0.01
P18858,,0.18
P08708,,-0.29
Q8N0X7,,-0.57
A8CG34,,0.17
P29401,,-0.31
Q8ND82,,0.40
Q15233,,0.45
P06737,,-0.09
P62266,,-0.24
P04626,,-0.04
P60842,,0.10
Q9UGN5-2,,-0.09
P11388-4,,0.96
Q9BUP3-3,,0.32
Q99832,,-0.40
P05388,,0.27
P54727,,0.22
P22087,,0.10
Q92503-2,,0.29
Q9UHV9,,-0.48
Q96H20,,0.74
P09429,,-0.14
P34932,,0.35
P19367,,0.16
Q09666,,0.04
Q8TAT6-2,,0.28
Q8NEM2,,-0.09
P23246,,-0.22
Q14847,,-0.12
Q09666,,-0.31
P19021-5,,0.20
O60888-2,,0.12
Q96A65,,-0.07
Q09666,,0.19
O75367,,0.14
O75367,,0.00
E7ENH9,,-0.41
C9JV30,,0.37
P12268,,0.61
P49720,,0.07
O95983,,0.15
Q9BSD7,,0.16
P78527,,0.55
O15355,,0.21
Q96T88,,-0.15
Q8IUR0,,0.14
P17302,,-0.14
Q9P0M6,,0.17
Q9P0M6,,0.62
Q96T88,,-0.35
O75581,,0.54
P18074,,-0.48
O00410-3,,-0.09
Q12888-2,,-0.45
Q00839,,0.06
P05455,,-0.11
E9PCR4,,-0.18
Q9H3M7,,-0.25
P62136,,0.02
P61254,,0.44
P05204,,0.25
Q99832,,-0.06
P22087,,0.10
P09429,,-0.11
P19367,,0.64
O75367,,0.45
P14618,,0.07
P17302,,0.08
Q00839,,0.41
Q96EI5-2,,0.07
Q9HCE1,,-0.10
Q13123,,0.33
Q16629,,0.28
O15344,,0.05
P51809,,0.19
P51809,,0.14
Q9BWF3,,0.34
F6XEV2,,-0.29
P45973,,0.38
P21291,,-0.19
P61011,,0.05
Q9NS93,,0.65
Q9NS93,,0.44
P38936,,0.39
O14715,,-0.18
Q02880-2,,0.17
Q9NNW5,,0.51
Q9BSJ8-2,,0.54
P62851,,0.05
Q00839,,0.07
B4DUT8,,-0.08
P13639,,0.03
Q9NP58,,-0.17
P63000-2,,0.40
P34896,,0.06
O00299,,-0.06
Q9Y696,,0.40
O75150,,-0.62
P36404,,-0.02
Q9H6H4,,0.30
Q9BX63,,0.01
A8CG34,,0.25
Q8N5G2,,-0.02
P09543,,-0.38
F8WCP6,,0.34
Q92995,,0.89
P52789,,0.65
P31350,,-0.20
Q9BSJ8-2,,-0.30
Q96PU8,,0.18
O94964-2,,0.02
P07195,,0.31
P07195,,0.32
P07195,,0.34
P48029,,0.24
P49327,,0.43
P00533,,-0.42
P00533,,-0.28
P00338-3,,0.37
Q8N0X7,,0.06
Q99832,,-0.25
P12268,,-0.10
Q8N7H5,,0.35
E7ETD3,,0.13
Q9ULF5,,0.45
Q9ULF5,,0.31
P18206,,0.26
P62249,,0.12
O14593,,0.08
E7EVU8,,-0.06
P31948,,0.53
P62701,,0.74
P31948,,0.62
Q9P258,,0.32
P62312,,-0.13
P06733,,0.20
Q13098-7,,0.43
P22314,,0.43
P22314,,0.34
Q09666,,0.00
Q15758,,0.26
P51911,,0.18
Q08357,,0.42
Q14315,,0.37
O75369-8,,0.49
Q9BYM8,,1.10
P48029,,0.54
Q9Y5V3-2,,0.11
O15355,,0.06
Q9H467,,0.16
Q09666,,-0.21
Q09666,,-0.13
Q71H61,,-0.31
Q09666,,-0.30
Q15417,,0.04
Q9P2E9,,0.04
O75110,,0.01
O75529,,-0.01
Q00610,,0.18
Q13112,,-0.25
P35659,,-1.29
Q9BXW9,,0.69
P42166,,0.07
Q96S66,,-0.18
P54577,,0.15
Q93052,,-0.43
P12270,,-0.81
Q14980,,0.14
Q86YT6,,0.40
Q86YT6,,0.07
Q9NSD9,,-0.32
O15234,,-0.14
P02545,,0.11
P02545,,0.00
Q6EMK4,,1.05
P13861,,0.36
P33991,,-0.50
P63241-2,,-0.14
H3BQ05,,-0.08
P62829,,-0.20
Q9UBC2-2,,0.38
Q9UBC2-2,,-0.03
Q99570,,-0.21
O94888,,-0.33
Q99729-3,,-0.33
Q5J8M3,,0.66
P14618,,0.07
O75367,,0.63
P36873-2,,-0.14
O75367,,0.25
O75367,,0.12
P36873-2,,-0.26
Q9HCP0,,0.04
Q9HCP0,,-0.06
Q7L273,,0.86
Q14CA3,,-0.03
E7EM95,,0.65
B4E2P2,,0.05
E9PBC2,,0.55
Q14126,,-0.14
Q9NR09,,0.41
Q14315,,0.25
O95071,,0.41
Q9NNW5,,0.46
Q8WTV0-2,,0.39
P11166,,-0.05
P43490,,-0.12
O15355,,-0.13
Q9Y230,,0.52
Q9H9Y2,,0.01
Q02539,,-1.00
Q02539,,-1.00
Q01831,,0.27
P11142,,0.46
P12956,,0.11
P12956,,0.40
P63244,,0.41
Q02539,,-1.03
E9PHK9,,0.66
O00472,,-0.47
Q9H3F6,,0.44
Q9UKS6,,-0.30
Q96H20,,0.25
G3V2U7,,0.17
Q02790,,0.15
P60842,,0.03
Q16850,,0.09
Q96S55,,0.22
Q13045,,0.01
O60488,,0.66
C9JS35,,-0.02
C9JS35,,0.68
P30041,,0.16
Q15029,,0.24
Q9NQ84-2,,0.56
C0LZJ3,,0.28
O95183,,-0.02
P55072,,-0.23
P62805,,0.39
Q9UNA4,,-0.46
Q01082,,-0.25
Q3KQS4,,0.33
P49327,,0.72
P06733,,0.26
O75083,,0.22
O00299,,0.38
O75367,,0.47
O75367,,0.61
O75367,,0.19
E7ENH9,,0.08
E7ENH9,,-0.17
O43809,,0.16
E9PRY8,,0.63
Q9Y3B9,,0.15
O95405,,0.21
Q9Y3C5,,-0.03
Q4U2R6,,-0.02
Q9UNN5,,-0.16
Q9UNN5,,0.33
Q6WCQ1-2,,-0.24
Q6WCQ1-2,,-0.10
Q6P9B6,,-0.40
Q9Y4E5,,1.23
F5GXA6,,-0.64
P51946,,0.43
P51946,,0.19
Q00839,,0.55
Q9UJ83,,0.09
Q96S55,,0.81
Q96S55,,1.30
P80723,,-0.43
P80723,,-0.46
P17844,,-0.09
Q9NUD5,,-0.20
C9JEJ2,,0.08
P46783,,-0.28
Q00839,,0.11
Q00839,,0.42
Q9Y2X3,,0.07
Q8WUB8,,0.27
A6NFX8,,0.26
Q9BSL1,,0.08
Q6DD88,,0.03
Q9Y4E5,,0.88
Q9Y4E5,,0.74
Q9Y4E5,,1.21
Q9Y224,,-0.21
Q9P0J7,,0.08
Q9H6H4,,0.48
E9PK25,,0.58
B0V043,,0.07
E9PN11,,0.38
Q9NQ11,,0.36
P60981,,0.20
P48426,,0.07
P78504,,0.49
O14737,,0.20
Q8NC42,,-0.15
Q8NC42,,0.12
Q8N0X7,,-0.73
A7MAP0,,0.38
P63000-2,,0.16
Q9UJ41,,-0.03
B4DUT8,,0.39
Q6UWZ7,,0.60
P40222,,-0.11
O60841,,0.42
C9JUT5,,0.01
Q06190,,-0.32
Q5SRE5,,-0.13
Q9NS91,,0.01
P40227,,0.01
Q14683,,0.07
F5GX74,,-0.49
P09234,,-0.05
P48643,,0.34
P48643,,0.37
Q14683,,-0.32
O15234,,-0.79
Q7L5N7,,-0.20
Q8N9N7,,0.55
P26038,,-2.17
P61927,,-0.36
Q9NUQ9,,0.16
Q9BQ70,,1.68
Q6FI13,,0.06
P05067,,0.21
P05067,,0.57
Q15417,,0.14
Q12894,,-0.40
Q00839,,0.21
Q8TAA9,,0.44
Q8IY95,,0.31
O95864,,-0.05
Q7Z6B0,,0.76
Q9NXC5,,-0.46
P55072,,0.16
Q9P2E9,,0.19
P48729-2,,0.21
Q09028,,0.57
O43491,,0.00
Q9NRN7,,0.41
Q02878,,-0.19
Q02878,,-0.34
O15121,,0.37
Q14980,,0.06
Q14980,,0.68
O43707,,0.28
O60669,,0.04
O94964-2,,0.27
Q53HL2,,-0.51
P52788,,0.19
E9PFZ5,,0.14
Q5VYK3,,0.02
E7EVU8,,0.01
O75475,,0.02
P49711,,-0.01
Q13131-2,,-0.29
Q13131-2,,-0.37
E7EVU8,,-0.22
A8MU27,,0.40
Q9Y5A9,,-0.05
Q15392,,-0.19
O75369-8,,0.18
A4D2Q0,,-0.49
Q8WVC6,,-0.07
P35221,,-0.09
O15228,,-0.55
Q9UL25,,-0.01
Q13107,,0.45
P62937,,0.21
P62424,,-0.04
P62979,,0.27
P07948,,-0.37
Q15758,,0.11
P13010,,-0.25
P21266,,-0.26
P46013,,-0.24
P12004,,0.36
O14715,,-0.60
Q96QR8,,0.05
Q9H0W9,,0.46
P08708,,-0.38
P48643,,0.03
P30530,,0.19
P60604,,-0.07
P06400,,-0.11
O75533,,0.12
P11387,,0.22
O00425,,0.57
Q9NZI8,,0.85
P78527,,0.08
P15311,,0.09
A7YIJ8,,0.10
A7YIJ8,,0.19
P26038,,0.41
P26038,,0.14
Q9NU22,,0.19
P35579,,0.09
Q8WX93,,0.53
P61247,,0.13
Q15417,,0.53
O00443,,0.22
Q5MNZ6,,0.21
P35998,,-0.01
Q6L8Q7,,-0.19
P60174,,0.01
P50990,,0.22
Q9C0C9,,-0.01
P43487,,-0.37
P17987,,-0.07
G3V3G9,,0.47
P20618,,-0.30
O75821,,-0.06
P61088,,0.56
P61088,,0.68
P61088,,0.23
P61088,,0.50
P61088,,0.67
P61088,,0.27
Q9NPD8,,0.99
P12004,,-0.23
A0AVT1,,0.33
Q14103,,0.48
O00567,,0.44
P04818,,0.00
P04818,,0.38
P48643,,0.32
P49368,,0.26
P49368,,0.04
P17987,,0.24
Q13595,,0.56
P06737,,-0.68
Q9BW27,,0.54
P54727,,0.03
O00186,,-0.03
P54725,,0.42
P26599-3,,-0.03
P55786,,0.03
Q01105-2,,0.66
Q13435,,-0.36
O75369-8,,0.23
Q02878,,-0.57
Q02878,,-0.26
P52565,,0.33
P39023,,0.09
Q9ULC3,,-0.18
P29590,,-0.63
P49790,,0.07
Q04771,,0.08
O43396,,0.31
Q9NR31,,-0.22
P02545,,0.40
Q09666,,-0.06
Q96G74,,-0.06
Q16576,,0.12
Q13404,,0.49
E9PAV3,,0.45
E9PAV3,,0.13
Q86YT6,,0.51
P06733,,0.45
P63173,,-0.69
Q96T23,,0.85
E7ERF5,,-0.07
Q00341,,-0.39
O14908,,0.51
Q96PZ2,,-0.25
P49458,,0.03
P06493,,-0.23
P07910-2,,-0.14
P07910-2,,0.00
P06493,,0.34
Q9GZZ1,,0.62
C9JV30,,0.40
Q9UHR5,,1.30
O95235,,0.33
O60749,,0.23
P20700,,0.12
P78406,,-0.62
P14866,,0.30
P62166,,0.09
Q09161,,0.14
Q969U6,,0.55
O43776,,0.30
Q13435,,-0.17
P55884-2,,-0.07
P32320,,0.65
Q99707,,-0.05
P55884-2,,-0.15
Q8TBF4,,-0.26
Q7Z333-4,,-0.34
Q8WV99,,-0.12
Q99729-3,,0.00
Q14103,,0.28
P60981,,-0.18
P33316-2,,-0.36
Q8WUA2,,0.28
P06733,,-0.08
P61586,,0.20
P20700,,-0.81
P06493,,0.15
Q8WYP5-2,,0.38
Q09666,,-0.49
Q92945,,0.54
O75845,,0.48
O75845,,0.11
Q13347,,-0.07
P32119,,-0.27
P15880,,0.25
P46940,,-0.49
Q86VI3,,-0.26
Q9NQT4,,0.58
O95229,,0.20
Q9Y617,,0.17
Q9C0C9,,0.14
P30050,,-0.46
A8MXP9,,0.25
P50750-2,,0.05
P39023,,0.28
P39023,,-0.11
Q92945,,0.35
P35579,,0.16
P14324,,0.33
P42566,,0.61
Q92598,,0.21
O60488,,0.94
O75475,,0.02
O94964-2,,-0.10
Q14980,,0.22
P62899,,-0.63
Q9NPJ6,,0.10
Q08357,,0.33
Q9H3F6,,0.24
P55060,,0.92
P37837,,-0.12
P49257,,-0.09
P08621,,-0.07
Q9P0M6,,0.55
Q9P0M6,,0.41
Q9P0M6,,0.32
P35244,,0.74
Q15393,,-0.12
Q92900,,0.21
P35789,,0.36
Q9BSJ8-2,,-0.16
P55036,,0.52
O43143,,0.28
Q9NVM9,,0.08
Q16881,,0.52
Q9BZ95,,0.05
P49721,,0.32
P49721,,0.66
Q9Y3B8,,0.09
P05455,,0.25
Q96PZ2,,0.07
Q96PZ2,,-0.01
Q9Y3B8,,0.19
Q96CS3,,0.16
P63220,,0.45
Q9BSJ8-2,,-0.08
Q9Y3C6,,0.41
O95503,,-0.68
H0Y3A6,,0.34
O95239,,0.00
P35998,,0.00
P35998,,-0.24
P54652,,0.20
P11142,,0.16
P54652,,-0.15
Q15853,,0.39
Q15691,,0.31
P54278,,0.37
P05388,,0.03
Q9NP72,,0.36
F5H3A1,,0.58
Q9Y2X3,,0.32
P14618,,0.41
O95292,,0.57
P40227,,-0.18
P40227,,0.27
Q12996,,-0.02
P52701,,0.04
O14562,,-0.71
P25788,,0.14
Q13111,,-0.21
Q9Y2W1,,-0.06
Q02878,,0.07
O43242,,-0.01
O43242,,0.00
P09382,,-0.20
A6NHR9,,0.26
P22102,,-0.46
Q9UHR5,,0.42
Q92598,,0.22
Q01813,,0.73
Q8IYM9,,0.77
Q9UPN4-2,,-0.08
B7Z4Q3,,0.05
Q09666,,0.28
Q09666,,0.16
Q9NW82,,-0.01
P09429,,-0.04
P09429,,0.01
Q09666,,0.20
E7EVU8,,-0.01
Q02880-2,,0.40
Q01831,,-0.02
Q9NYF8,,0.32
A6NHR9,,0.09
P46063,,0.33
G5E9Q2,,0.49
Q53HL2,,0.09
O95140,,0.34
Q92575,,-0.05
P26583,,-0.05
P13010,,0.36
E7EUT4,,0.05
O15550,,-0.04
Q96QC0,,-0.33
O75083,,0.19
Q9BTT0,,0.43
Q9BTT0,,-0.03
P09429,,0.04
O15355,,0.02
O94804,,-0.08
O00472,,-0.39
P26583,,0.31
P26583,,-0.38
Q13526,,-0.29
P35268,,0.40
Q9UBI6,,0.08
P04406,,0.53
Q08211,,0.64
Q9BW27,,-0.03
O60318,,0.05
Q96FV9,,0.83
Q9NS91,,0.19
P11142,,0.13
Q86YT6,,0.06
Q96AC1-3,,0.08
P12956,,0.07
Q08752,,0.19
Q07666,,0.72
P78371,,0.17
P78371,,0.38
Q99707,,-0.56
P12004,,0.20
E5RJF8,,1.13
P04626,,-0.42
Q8IYM9,,0.35
Q6KC79,,0.25
Q8ND90,,0.34
P36578,,-0.05
Q9H930,,0.49
P00533,,-0.23
P08670,,0.26
P08670,,0.21
O15173,,-0.09
E7EVK3,,0.08
Q9Y4X5,,0.34
Q9Y4X5,,-0.01
Q9Y4X5,,-0.39
P61160,,0.25
O00264,,-1.74
P84098,,-0.29
P54727,,0.23
P54727,,0.15
P26639,,0.09
Q9NVH2,,0.15
Q9H061,,-0.56
Q9BZQ8,,0.44
Q15691,,0.29
Q14573,,0.04
Q14152,,-0.25
Q92466,,0.53
Q5SVZ6,,-0.08
Q13435,,-0.03
Q15717,,0.04
P10275,,-0.15
P10275,,-0.35
Q9BZZ5,,0.92
Q6Y1H2,,0.57
P43686,,0.22
P18206,,0.35
O60427,,0.24
Q9BZD4,,-0.14
Q9UMS4,,0.48
Q9UI12,,-0.18
Q9UL15-2,,0.16
P09874,,-0.13
Q8IY22,,-0.95
Q6IA69,,0.82
Q8N697,,0.04
O95229,,0.50
Q13630,,-0.13
P29992,,-0.25
P12956,,0.14
Q9H0L4,,0.39
Q9H0L4,,0.23
P08238,,-0.02
P07900-2,,0.22
P07900-2,,0.43
P07900-2,,0.00
P07900-2,,0.31
P62304,,0.38
P36578,,-0.01
P23396,,0.47
P23396,,0.33
P11387,,0.17
P15880,,-0.72
Q9UNX3,,0.22
E7EMK3,,-0.59
P29992,,-0.04
P29992,,0.09
Q99832,,-0.02
Q8WVC6,,0.51
P11142,,0.53
O00193,,0.58
P52272,,0.11
Q9UQE7,,0.11
P16435,,0.12
P27635,,-0.07
Q9Y3I0,,-0.35
P12270,,0.08
P12270,,0.21
Q03135,,0.35
P23458,,0.02
Q96PK6,,-0.30
Q9BVA1,,0.76
Q9BUF5,,0.97
Q99661,,-0.17
Q15459,,0.20
Q9Y4Z0,,0.68
Q02878,,0.17
P51003,,0.08
Q02241,,0.28
P50148,,0.27
Q13418,,-0.31
Q86XR8,,0.21
P16989,,0.39
P62745,,0.32
Q8IVM0,,-0.22
Q8IVM0,,-0.53
P20700,,-0.42
Q9BSJ6,,-0.14
Q99442,,0.29
Q92945,,0.07
O75955,,0.85
P61081,,0.06
Q13263,,0.28
P23921,,0.88
P54652,,-0.10
P54652,,-0.13
P13489,,0.30
Q9UHR5,,0.07
P54652,,0.17
Q8N0X7,,0.41
Q8N0X7,,0.09
P22102,,-0.02
Q92945,,0.13
Q99471,,0.30
Q9NR09,,-0.03
Q9NR09,,-0.07
O43464,,-0.15
O43633,,-0.05
P23634-6,,0.04
P52907,,0.40
Q8N163,,0.55
Q9BWT7,,-0.16
Q13242,,0.09
P23396,,-0.03
Q9Y224,,0.10
P78504,,0.57
Q13595,,0.08
E9PN11,,0.00
Q09666,,0.01
Q09666,,-0.30
Q9H3S7,,0.39
P51784,,-0.05
F5H1E9,,0.26
P48643,,0.98
Q15121,,0.37
P06400,,0.48
Q03252,,0.47
E9PCR8,,0.19
Q9NQX7,,0.54
Q9NQX7,,0.07
Q9NQX7,,0.32
P62753,,-0.57
P06493,,0.14
Q13371,,-0.30
P06493,,0.57
Q9Y2S0,,0.02
Q13547,,0.39
Q9Y490,,0.51
Q09666,,0.21
Q14566,,0.22
O75521,,0.00
Q00839,,-0.59
Q9NRY6,,-1.81
Q9H7F0,,0.13
P06737,,0.38
Q00537,,0.30
Q09666,,0.10
Q09666,,-0.11
Q09666,,-0.08
Q09666,,0.19
Q09666,,0.15
Q09666,,-0.01
Q09666,,-0.26
Q09666,,-0.06
Q09666,,0.03
Q09666,,0.36
Q99536,,0.00
Q99536,,0.26
Q6PJT7,,0.69
Q6PJT7,,0.59
Q6PJT7,,0.63
O76094,,0.79
O00267,,-0.04
O95721,,0.06
O00750,,0.48
Q96T23,,0.82
O15400,,0.13
Q96T23,,1.25
P12270,,-0.49
P37108,,0.51
Q13509,,1.28
Q06265-2,,0.70
P12270,,-0.85
Q7Z3T8,,0.65
E9PQY2,,-0.16
P52597,,0.45
O43776,,0.23
P54652,,0.47
P10721,,0.39
P52948,,0.57
P52948,,-0.04
P51665,,0.07
P51665,,-0.16
P42356,,-0.04
P49792,,0.25
Q5VTB9,,0.40
P56192,,0.44
E9PCR8,,-0.31
Q9UBB4,,0.01
P61218,,0.44
P52657,,-0.33
A8KAH5,,0.08
P06737,,0.34
P04075,,-0.03
P11940,,0.18
P05783,,0.25
P33240,,0.34
Q9C005,,0.35
Q9C005,,0.37
Q9BY32,,-0.13
P11388-4,,0.63
P51665,,0.18
P83731,,-0.33
O15294,,0.32
P22626,,-0.26
Q7RTV0,,0.36
E7EVU8,,-0.04
P14735,,0.05
Q92530,,-0.29
P00338-3,,0.23
P55072,,0.31
P19338,,-0.20
P49207,,-0.44
P49207,,-0.15
P49207,,-0.22
C9JEH3,,-0.11
P61964,,-0.10
P61964,,0.10
P61964,,-0.14
Q9NNW5,,-0.02
Q2TAY7,,0.23
Q2TAY7,,0.26
P49189,,0.33
Q8NBT0,,-0.79
Q9Y5Q8,,-0.04
P55196-5,,-0.51
B4DNJ6,,0.65
Q9HB71,,0.45
P36873-2,,0.20
Q9HBU6,,0.04
P68036,,-0.01
P61088,,0.24
P39023,,0.01
P39023,,-0.24
P46778,,-0.54
O60488,,0.28
P39023,,0.15
Q9Y4C2,,0.18
Q53HL2,,0.10
P61106,,0.66
Q14527,,0.43
Q13404,,-0.21
Q9UM13,,-0.03
Q09666,,-0.30
P35579,,0.42
Q9UQ80,,0.57
P06213,,-0.32
P12268,,0.63
Q9BSJ8-2,,0.30
Q13618,,0.21
O95714,,-0.38
O94804,,-0.72
P17980,,0.11
P13010,,0.28
Q8WV22,,0.01
Q96EK5,,-0.16
Q9H4M9,,-0.26
P18124,,0.29
Q8IVM0,,-0.01
P29401,,0.56
P84098,,-0.05
Q9Y3Z3,,0.23
E9PN11,,0.46
Q9HD42,,-0.17
O75367,,-0.18
P62826,,0.00
P04637,,-0.26
O00410-3,,-0.15
P35579,,0.32
P62829,,-0.63
Q9UBE0,,-0.14
P62191,,-0.35
O15514,,-0.09
P84098,,-0.28
Q9Y4E5,,0.61
P46940,,0.04
Q9UBM7,,0.82
Q6PJT7,,0.67
P62888,,-0.27
Q96DR4,,-0.04
P07900-2,,0.00
G5EA30,,-0.02
Q96N66,,0.20
P62873,,0.44
P62879,,0.28
P35998,,0.33
Q9HAV0,,0.34
P52272,,-0.10
F5H3A1,,0.29
P46783,,0.59
O14828,,-0.17
Q14683,,0.21
Q9UJX3,,-0.04
Q96PZ2,,0.32
P55072,,0.50
O60925,,0.14
Q8TAT5,,-0.43
P18124,,-0.26
Q14980,,-0.18
Q9BUJ2,,0.08
Q02539,,-0.99
Q02539,,-0.72
P16401,,-0.11
A6NKF1,,-0.22
O43765,,0.11
O43765,,0.19
O95865,,-0.55
Q9NVI1,,0.10
Q9NVI1,,0.03
E9PAV3,,-0.20
P35579,,0.06
P28370,,0.13
P15311,,0.43
P31431,,0.54
P46782,,0.35
P26038,,-0.25
Q8WW12,,0.06
P16403,,0.00
P29590,,0.64
P16401,,0.09
Q15437,,-0.04
P16104,,0.23
Q16594,,0.57
Q00765,,0.53
Q00765,,0.21
Q9H2G9,,0.03
G5E9Q6,,0.17
P29401,,0.10
Q14966,,0.18
Q14966,,-0.16
Q12789,,-0.42
Q9P2D1,,0.07
A7MAP0,,0.28
Q9Y3S2,,0.37
Q96DX7,,0.35
E7EVA0,,0.38
Q14192,,-0.15
P07737,,-0.12
P18827,,0.44
Q9UKV5,,0.30
P53985,,-0.61
P53985,,-0.14
Q14103,,-0.14
Q9UQE7,,-0.06
Q8N5D0,,0.15
P35251,,0.31
Q9BW27,,0.60
A4D2Q0,,0.06
Q8N4S9,,0.70
Q3ZCM7,,1.04
P14625,,0.39
Q9Y263,,0.17
P50402,,0.02
Q01831,,-0.02
Q13242,,0.56
Q07955,,0.30
P43686,,0.38
P61158,,0.47
P11940,,0.23
Q9BVQ7,,-0.17
O15372,,-0.12
P55060,,0.28
P07355-2,,0.11
P32969,,-0.32
Q8WXX5,,-0.51
P07910-2,,0.23
Q58WW2-3,,0.36
B1AKJ5,,0.02
P27348,,0.48
P55011,,0.22
P15311,,0.09
F8W930,,-0.11
Q8TEL6,,-0.14
P26038,,0.09
A6ZKI3,,0.50
Q16778,,-0.09
Q5VTR2,,0.21
Q6NUM9,,0.49
P50990,,0.35
P40429,,-0.43
Q6PKG0,,0.25
P35579,,0.39
Q13310-3,,0.45
Q08211,,0.43
Q8WVN6,,2.30
Q9UJ41,,0.27
Q13049,,0.35
P33992,,-0.22
P19338,,-0.08
O75694,,-0.21
P17302,,-0.28
P32969,,-0.67
Q9Y617,,-0.04
P33993,,0.58
P61106,,0.00
E7EVK3,,0.59
B7Z5Z2,,0.57
Q96SK2,,-0.16
Q13200,,-0.18
P23396,,0.29
Q9H6H4,,0.41
O00264,,0.02
P12270,,0.56
P31689,,0.11
O00154-4,,-0.37
P46778,,-0.56
P23634-6,,-0.47
Q9UBS4,,0.34
P43246,,0.36
Q15185,,-0.34
P49368,,0.30
P49368,,0.25
P30876,,0.02
P51858,,-0.22
P01891,,0.30
P01891,,-0.12
P25205,,-0.03
P62266,,0.45
P63104,,-0.69
Q68CP9,,-0.28
O60784,,0.29
Q15147-4,,-0.22
Q15796,,-0.01
Q8WUM0,,0.00
Q8NI36,,-0.63
Q8WWQ0,,0.42
P62277,,0.25
P18583-5,,0.14
O14950,,0.36
P24844,,0.78
O15381,,0.51
P48029,,0.53
P48029,,0.83
P37268,,-0.19
Q02241,,0.00
Q8NCN4,,0.05
P04083,,0.14
P37108,,0.17
P60842,,-0.60
Q12888-2,,-0.27
Q96G74,,-0.13
O14545,,0.04
Q9Y2K1,,-0.12
Q8IVM0,,0.41
P08238,,0.47
P07900-2,,0.75
Q14980,,-0.12
O15121,,0.63
P62195,,-0.15
P35998,,-0.35
O14818,,0.24
Q9NZJ0,,0.10
P40429,,-0.40
P49458,,0.21
P61086,,-0.29
Q9NTJ3,,-0.06
Q9HCP0,,-0.54
Q15459,,1.12
P22307,,0.04
Q92945,,0.33
Q9Y295,,0.17
O43175,,0.41
P35998,,0.13
F8W034,,0.68
Q9Y5V3-2,,0.10
Q9Y5V3-2,,-0.14
P67936,,-0.14
P37802,,-0.35
Q14699,,0.15
Q9NS56,,0.17
P29401,,-0.06
P37108,,0.20
P62937,,0.26
Q9UPT9,,0.26
Q08945,,0.26
Q9BY32,,-0.18
Q9HB71,,0.28
P30530,,0.30
P84098,,0.09
O15294,,-0.14
O94952,,-0.11
Q96GG9,,0.02
Q9Y3Z3,,-0.05
P07900-2,,0.23
P62826,,-0.10
P53801,,0.18
P17302,,0.09
Q58WW2-3,,0.38
P19022,,0.05
P15153,,-0.01
P54577,,0.32
Q13242,,0.08
Q13242,,0.19
Q07955,,-0.19
Q12905,,0.26
Q92878-2,,0.61
Q86SK9,,0.03
P35579,,0.68
Q7KZ85,,-0.03
P13797,,-1.33
Q9UQE7,,-0.18
Q96GG9,,0.27
B4DP36,,0.11
P04183,,0.48
Q9NWM3,,-0.21
G5E9Q2,,-0.40
P09651,,-0.32
P22626,,-0.51
Q9Y5W7,,-0.36
P09429,,0.20
P26583,,0.18
P37837,,0.49
O00233,,0.64
Q9BZL1,,0.20
P84098,,-0.14
P29401,,0.38
P84098,,0.33
P35659,,-2.64
Q13263,,-0.09
Q06547,,-0.06
P02545,,0.45
P53814-6,,-0.12
Q16739,,-0.27
Q6BDS2,,-0.10
Q6IAA8,,0.13
Q9Y3Z3,,0.40
Q9Y5V3-2,,-0.18
Q9NZN4,,0.16
Q9BTX1,,0.34
Q9BX40,,0.20
P06733,,-0.28
P06733,,0.11
O75643,,-1.50
O43292,,0.54
Q8IVM0,,-0.04
Q0JRZ9,,0.19
Q9P2E9,,-1.57
Q02880-2,,0.84
O14828,,-0.27
Q8N5G2,,0.80
P46940,,-0.06
P53602,,-0.18
P63000-2,,-0.09
P63000-2,,0.40
Q92900,,0.07
Q9BSJ8-2,,0.19
P62750,,-0.40
Q8N1F8,,0.47
Q92995,,0.01
P55884-2,,-0.14
Q13547,,-0.41
Q9BVL2,,-0.31
P62424,,-1.69
Q03252,,-0.39
Q8TC12,,-0.13
Q9H307,,0.41
P17980,,-0.26
P12956,,-0.11
O15031,,0.38
Q13907-2,,-0.29
Q9HD42,,-0.03
Q99569,,0.11
P31153,,0.38
Q9Y508,,-0.26
P63241-2,,-0.22
P14866,,0.37
Q14204,,0.26
P62826,,0.22
P53621,,0.00
Q14152,,0.12
Q14141,,0.17
Q9NXR7,,0.47
O14949,,0.26
Q96PZ2,,0.61
O15381,,0.66
O15381,,0.66
O95235,,0.32
Q96J02,,0.42
P11388-4,,0.38
E9PRY8,,0.52
P33991,,-0.03
Q14192,,0.14
P22314,,-0.03
P23396,,0.31
Q15691,,0.15
P16070,,-0.20
Q12772,,0.01
O00410-3,,-0.04
O75347,,0.01
Q6PCD5,,0.51
O75151,,0.11
Q86YD1,,0.39
P36543,,-0.19
Q92995,,0.03
Q8IVM0,,0.11
P62191,,0.12
Q9HAF1-3,,0.17
O14964,,-0.17
O43823,,-0.23
P41223,,0.11
Q9UKF6,,-0.29
P20700,,-0.06
P20700,,0.17
P55072,,0.20
Q15147-4,,0.04
Q03252,,-0.04
P51784,,-0.33
A7YIJ8,,0.11
A7YIJ8,,-0.48
P02545,,0.35
Q9BXW9,,-0.16
Q00839,,-0.40
Q9UNA4,,0.06
E7EPK6,,-0.12
Q93008,,-0.36
Q9H3Y8,,0.95
B4DP36,,0.21
B4DP36,,-0.12
Q9UEY8-2,,-0.32
O75882,,-0.23
Q9BYM8,,0.63
Q9H944,,-0.04
Q16643,,0.24
Q6UX15,,-0.23
P52565,,0.15
P27348,,-0.02
P46781,,-0.15
Q9BW61,,0.75
Q13618,,0.15
Q9UPN4-2,,-0.10
P00338-3,,-0.19
P48029,,0.13
P08865,,-0.05
P07910-2,,0.13
P43121,,0.21
Q6NZI2,,0.22
Q9Y5Q0,,0.49
Q96S55,,0.79
P11940,,-0.23
Q13310-3,,-0.22
P09543,,-0.25
Q9HCN4,,0.16
P62888,,0.37
O94804,,-0.16
Q4G0F5,,0.48
P20700,,0.50
P20700,,0.17
P07237,,-0.64
P45973,,-0.11
P51659,,0.26
P23921,,0.09
O95297,,0.47
Q9H0W8,,-0.09
Q9Y490,,0.37
Q03252,,0.04
Q03468,,0.34
P51946,,-0.45
P26038,,-0.08
P11216,,0.82
Q92667,,0.64
Q8N7H5,,0.06
Q99832,,0.07
P50991,,-0.07
P52701,,0.13
Q8TAT6-2,,-0.30
Q9H0H5,,0.22
P07900-2,,0.01
P02545,,-0.59
Q99590,,-0.26
O60739,,0.08
Q92917,,0.26
G3V1Z5,,0.36
P29590,,-0.60
P11388-4,,1.06
P16104,,0.32
P16104,,-0.17
Q9P0U3,,0.40
Q9Y5Q8,,0.29
P33991,,-0.20
P23258,,0.40
Q7L2Z9,,0.25
O00410-3,,0.46
P40227,,-0.07
Q13185,,0.17
Q14980,,0.91
Q9H6K1,,1.13
P41223,,0.06
O75083,,0.28
Q15334,,0.05
Q9UBB4,,-0.33
P62917,,-0.56
Q8TAT6-2,,0.41
P62829,,-0.70
P27694,,0.28
P35579,,0.18
B7Z5W1,,0.39
P27448,,0.23
Q13283,,-1.21
Q15417,,0.47
E7ERF5,,0.27
Q9NXX6,,-0.11
O14593,,-0.13
Q9BRX2,,-0.07
Q5VW38,,0.58
Q9UMS4,,0.59
Q99504,,-0.32
Q9UBE0,,-0.04
P62424,,-0.40
P84098,,-0.42
P35659,,-0.50
O60427,,0.03
Q9H6X2,,0.57
Q9BZX2,,0.13
P13010,,0.54
P39023,,-0.42
P63241-2,,0.08
P63241-2,,0.64
Q14204,,0.37
P55072,,0.01
P62191,,0.33
Q9NXU5,,0.19
Q04323,,0.61
P53801,,0.23
P62273,,-0.17
Q6UXN9,,-0.39
Q12974,,-0.37
F5H1E9,,-0.30
Q13643,,-0.47
Q9C0I1,,0.12
Q8NDV3,,-0.04
Q9NRL2,,-0.10
Q9NS56,,0.15
C9JGA8,,0.18
Q13049,,0.38
P62269,,0.02
Q9UQ80,,-0.02
Q00839,,-0.17
P55072,,0.68
P35579,,0.39
P18124,,0.08
Q02539,,-1.06
Q02539,,-0.63
Q9NZJ0,,0.70
P16403,,0.03
P16401,,0.32
Q00765,,0.26
E9PK25,,-0.12
P29401,,0.34
Q07666,,-0.12
O43707,,0.85
Q9UNF1,,0.23
P07814,,0.17
Q01831,,0.28
P35251,,0.64
P50402,,0.36
Q9Y281,,0.54
Q9Y281,,0.33
Q96CS3,,0.27
P84098,,0.57
P11940,,0.49
A8KAH5,,-0.49
P11388-4,,0.87
Q9H223,,-0.67
P63208,,0.51
P20700,,-0.15
P26038,,0.45
P50990,,0.45
P35579,,-0.69
Q13310-3,,0.36
P11940,,-0.03
P19338,,0.17
P32969,,-0.27
A8MXP9,,0.34
Q29RF7,,0.38
Q9NPJ6,,-0.22
P46778,,-0.03
P15170-2,,0.23
P04637,,0.20
P43246,,0.41
Q13049,,-0.08
O75475,,0.25
Q9Y244,,-0.29
P51858,,0.19
P01891,,-0.22
P63104,,0.31
P12268,,0.20
Q93008,,0.11
P48029,,0.81
Q02241,,0.19
Q9Y230,,0.41
P37108,,0.42
P60842,,0.46
P09429,,-0.03
Q99570,,-0.48
P62195,,0.21
Q96RL1,,1.05
Q99471,,-0.04
P63173,,-0.29
P62191,,-0.05
P20700,,-0.22
P05455,,0.04
Q14699,,0.40
P20591,,-0.47
Q14527,,-0.31
O75367,,-1.06
P31689,,0.13
Q8TC12,,0.07
P68104,,0.15
P22307,,-0.04
P22307,,0.04
P35579,,0.29
Q8TAQ2,,-0.30
Q9Y2W2,,0.01
O75695,,-0.15
P18124,,-0.05
Q9Y4E5,,0.57
P35659,,-2.18
Q13263,,0.07
Q6IAA8,,0.43
Q1KMD3,,0.10
P06733,,0.21
F8W1H5,,0.50
P62308,,-0.49
O95235,,0.00
Q08J23,,-0.32
P63000-2,,0.20
Q13148-2,,0.24
P09874,,-0.26
P12956,,0.15
Q9Y508,,-0.13
P46940,,-0.53
P30085,,0.69
Q96J02,,0.68
P11388-4,,1.10
Q53EZ4,,-0.03
P22314,,0.31
P23396,,0.70
P23396,,0.67
Q8NC51,,0.20
Q14847,,-0.14
Q14847,,-0.12
O75151,,0.27
Q8IVM0,,0.17
P12956,,0.02
P08581,,-0.05
E7EVU8,,0.30
Q9BXW9,,0.12
P51970,,-0.77
P18621,,-0.15
Q9UKM9,,-0.15
P62888,,-0.23
P45973,,0.22
Q9Y5B9,,-0.03
P48556,,-0.22
P55072,,0.29
P55072,,0.59
O14818,,-0.10
P83731,,-0.57
Q9H6Y7,,0.05
O43149,,0.34
A7YIJ8,,-0.27
Q16630-2,,0.10
P62166,,1.04
P60842,,0.02
Q13185,,0.05
P37198,,0.09
Q9H6K1,,0.89
Q92922,,-0.12
Q92922,,-0.14
Q76L83,,0.09
P08670,,-0.11
P30050,,-0.03
Q9BTE3,,0.16
P35579,,0.54
Q13283,,-2.83
Q6NZI2,,-0.44
Q6NZI2,,-0.15
E7EUT4,,0.09
Q1KMD3,,0.47
Q9UQE7,,-0.32
P63241-2,,0.00
P05141,,0.76
P12236,,-0.03
Q96EA4,,0.11
P40429,,-0.33
Q96BN2,,0.48
Q9BXP5,,0.49
Q5FWF4,,0.67
Q5T6S3,,-0.53
P17987,,0.48
Q14980,,0.38
B3KYA7,,-0.14
P20290,,0.31
Q99426,,0.40
P82979,,-0.32
O75808,,0.19
O14737,,-0.01
A8MXP9,,0.28
A8MXP9,,0.69
P62258,,0.08
P23921,,0.47
Q9H2J4,,-0.26
O14929,,-0.24
Q8WWQ0,,0.47
P78527,,0.12
O14979,,-0.16
Q9H7N4,,-0.21
P62258,,0.03
P63220,,0.70
P20290,,-0.08
Q92900,,0.05
P06733,,-0.15
P62258,,0.28
Q9BTU6,,0.24
Q9BQ61,,-0.13
Q14980,,0.49
Q9NX08,,-0.09
P30041,,-0.09
Q96TA1,,0.46
O75165,,0.16
Q9BPX3,,-0.03
Q8N766,,-0.41
P33991,,0.31
Q96T23,,0.85
Q96T23,,1.06
Q96HS1,,-0.64
O00268,,0.03
E9PHK9,,0.47
Q15007,,0.06
Q15007,,0.29
Q8WUW1-2,,-0.10
A4D2Q0,,0.57
P62979,,0.28
P62979,,0.05
Q6IAA8,,0.29
Q6IAA8,,-0.27
O43396,,0.08
P20700,,-0.03
O15119,,0.58
P09496,,-0.14
P26641,,-0.20
Q08AG7,,0.02
A8MSQ1,,0.02
P62851,,0.22
Q96HE9,,-0.11
Q9H4G4,,-0.41
P10155,,0.13
E9PHW3,,0.11
Q9H8G2,,-0.07
Q13444,,-0.07
Q6XE24,,0.35
A6NHB5,,0.36
Q9BV57,,-0.31
P09543,,0.47
P39748,,0.08
E7EVU8,,-0.44
Q9UJK0,,0.00
Q9P2K3-3,,0.02
Q09666,,0.15
Q16850,,0.73
P46937,,0.08
P11142,,0.24
P20226,,0.22
P46013,,-0.08
P63000-2,,0.38
P55072,,0.35
Q8NC54,,0.12
Q03252,,0.10
P46781,,0.43
Q13098-7,,0.03
Q13098-7,,-0.02
P51572-2,,-0.18
P48643,,0.47
P02545,,0.28
P02545,,-0.26
P54578,,0.37
O14602,,-0.07
P12081,,0.28
P47813,,-0.12
Q9NS91,,0.42
P48643,,0.13
Q14644,,-0.28
Q14644,,0.24
Q14152,,0.50
O75832,,-0.29
O75832,,0.20
Q92878-2,,0.06
Q09666,,0.13
Q09666,,-0.22
Q09666,,-0.19
B4DP36,,0.29
Q09666,,-0.02
Q6P1J9,,-0.12
P61006,,0.14
Q9UPN4-2,,-0.01
Q6UWZ7,,0.16
P55072,,0.26
P55072,,0.29
P55072,,-0.17
P35244,,0.56
Q96T23,,1.31
Q9NTJ3,,-0.15
P06753-2,,-0.33
P10644,,-0.03
Q96T23,,1.12
Q03252,,0.31
O14936,,0.00
P12270,,-0.57
O14562,,0.24
Q9UKM9,,0.39
Q14980,,0.72
O14964,,-0.34
Q9NQZ6,,-0.23
Q03252,,0.47
Q14683,,0.09
P35579,,0.19
P33993,,0.23
Q9Y4X5,,-0.32
P23246,,0.05
P23246,,0.60
Q9UKV8,,-0.18
P41208,,0.32
P41208,,0.53
P41208,,0.11
Q86YT6,,0.50
Q9H444,,0.10
Q9Y508,,0.23
P38159,,0.06
Q96E39,,0.32
P51948,,0.31
O15372,,0.18
Q9NYA1-2,,0.17
Q9UJ41,,-0.02
O43809,,0.01
O75845,,0.51
P62753,,-0.45
Q86SJ2,,-0.68
Q9UBT2,,0.17
P61081,,0.06
Q9UBT2,,-0.67
P35579,,-0.28
Q9C0B1,,0.07
P53355-3,,0.17
P53355-3,,-0.12
P62873,,0.02
Q9UNE7,,0.13
Q92979,,0.02
P49756,,-0.13
Q15392,,0.45
Q9UHD8,,0.71
P55072,,0.55
P55072,,0.07
P55072,,0.16
P55072,,0.05
P55072,,0.27
P55072,,0.00
P30153,,-0.20
Q13200,,0.30
P09429,,0.14
P09429,,-0.14
P50579,,0.15
Q9Y4C2,,-0.17
P04637,,0.00
P04637,,0.26
P13010,,0.06
P13010,,0.24
E9PK25,,0.28
Q9Y2X3,,0.06
Q86VI3,,-0.19
O95714,,-0.08
O95714,,0.31
P60228,,0.35
Q6NZI2,,0.04
Q16531,,0.33
C9JS35,,0.24
Q9Y3Y2-3,,-0.09
Q6NZI2,,0.23
P41227,,0.00
Q8IVF7,,0.24
P78527,,0.49
Q8IXJ9,,0.19
P49327,,0.19
P08708,,-0.02
Q12846,,0.08
Q6PD62,,0.10
O95229,,-0.13
Q10570,,-0.23
P17252,,0.22
E7EQZ4,,-0.21
P46060,,0.30
P46060,,-0.03
E7ENH9,,0.07
Q92503-2,,0.14
P29401,,0.37
P78371,,0.00
Q6GQQ9,,0.04
O95997,,0.04
Q09666,,0.27
Q969X6,,-0.36
O95235,,-0.16
O95235,,0.01
Q9H0H5,,0.51
Q9P0W2,,0.13
P33991,,0.42
Q92769,,0.07
Q9Y696,,0.29
O15427,,0.27
Q9Y2X0-3,,0.22
Q9BW19,,0.00
Q00341,,-0.86
P17987,,0.09
P04083,,0.14
Q9UQE7,,-0.26
Q9BWF3,,0.57
P62854,,0.53
Q86VI3,,-0.35
P24863,,-0.32
Q13610,,0.06
O75369-8,,-0.99
P62258,,0.20
O75695,,-0.50
Q14683,,0.40
Q9UGL1-2,,0.46
Q96DN5,,0.38
Q02241,,0.56
A6NHR9,,0.26
P37837,,0.58
Q6UWE0,,0.86
F5H3A1,,0.41
H0YG33,,-0.07
P11142,,0.07
P11142,,-0.31
Q13601,,0.89
Q9BV73,,-0.09
Q02241,,0.26
Q15029,,0.46
P39023,,0.07
Q9NZ52,,-0.26
P62081,,0.33
P40938,,0.06
Q8NBU5,,-0.15
Q9NXN4,,-0.40
Q9UJX4,,0.36
Q2TAY7,,-0.04
B1AK44,,0.04
Q9UI30,,0.35
Q06136,,0.03
Q9BTE7,,0.28
Q15369,,-0.07
Q8WYQ5,,0.45
Q5H9F3-3,,0.05
P54727,,0.07
P54727,,0.12
P54725,,0.28
P54725,,0.22
P62701,,0.29
P18124,,-0.22
P18124,,-0.45
Q15011,,0.94
P35579,,1.05
P35579,,0.54
Q9UKF6,,-0.26
Q9BX63,,-0.04
O43520,,0.27
P09211,,0.60
Q96JN8,,0.06
Q15417,,0.02
P32856,,-0.22
Q9P2E3,,0.16
Q9UNS2,,0.15
Q9H1E3,,0.10
Q14980,,0.88
P36578,,-0.15
Q8N884,,0.25
O43795,,-0.12
P07195,,0.06
Q14683,,-0.08
Q92688,,0.30
Q92688,,0.02
P02545,,-0.15
Q9BXF6,,0.39
Q16850,,0.26
O60506,,0.01
Q9NS87,,-0.15
O95235,,0.28
Q6P2Q9,,0.34
Q99614,,-0.13
F8W930,,0.03
E9PJD7,,0.88
O14545,,0.31
O75391,,-0.47
Q9P2E9,,-0.33
Q16543,,0.41
Q9Y263,,-0.02
P46060,,0.03
Q9NRW7,,0.35
Q16643,,0.02
B8ZZN6,,-0.10
Q02952,,0.16
Q9NYF8,,0.33
O15439,,0.43
O95470,,0.26
Q9BVT8,,0.12
Q09666,,-0.16
P09661,,0.37
Q09666,,0.05
P46013,,0.01
P63096,,0.22
P08754,,-0.47
Q9UHB7,,-0.68
P04843,,-0.08
Q8NEM2,,0.20
P61158,,0.54
Q03252,,0.76
G5E9Q2,,0.05
P61221,,-0.01
P17980,,-0.33
P54259,,0.06
Q92995,,0.13
P52948,,0.28
Q9BWD1,,0.33
Q9Y4E5,,0.86
Q15334,,-0.19
E9PFA8,,-0.21
A7YIJ8,,0.00
P26038,,0.64
P26038,,0.26
Q9HCM4,,0.55
E9PQG7,,-0.72
P30530,,0.44
Q14847,,-0.10
P36405,,-0.03
P22314,,0.00
Q09666,,0.18
O75367,,-0.10
O95551-2,,0.79
Q9UKM9,,-0.54
Q86WC4,,0.07
P00492,,-0.12
P04843,,0.30
Q9BXF6,,-0.41
B8ZZN6,,-0.82
Q12834,,-0.34
P39019,,0.39
P62424,,0.10
Q00839,,0.18
Q14697-2,,0.12
O75663,,-0.19
P17480,,0.42
P62701,,-0.22
P62701,,-0.11
Q14683,,-0.31
Q15417,,0.32
Q9UNS2,,0.49
Q9BUZ4,,-0.27
O43795,,0.45
P51659,,0.11
Q92688,,0.08
P02545,,0.21
Q9BR77,,0.04
Q99614,,0.04
F8W930,,0.09
Q9NS91,,0.02
Q14142,,0.43
Q02952,,0.45
P14324,,0.04
P07910-2,,0.07
P07910-2,,0.04
Q09666,,-0.25
Q9UHB7,,-0.71
P62191,,0.08
O75369-8,,0.46
P17980,,0.35
Q92995,,0.48
Q9Y4E5,,0.71
Q9Y4E5,,1.20
A7YIJ8,,0.44
Q16625,,-0.38
Q6NZI2,,0.15
P23634-6,,0.43
Q9BXF6,,0.65
P62701,,-0.25
Q9BSU1,,-0.01
E9PJD7,,0.75
Q9ULT8,,0.27
Q96G28-2,,-0.46
P61088,,0.80
Q9NZ52,,-0.32
O94888,,0.19
Q13263,,0.33
Q07820,,0.03
Q969V3,,0.31
Q14152,,0.40
P17980,,0.51
Q6UWZ7,,0.77
Q99832,,-0.06
Q15149,,0.11
Q86VP6,,0.42
Q96GM5,,0.26
A6NKD9,,-0.07
P62333,,0.27
O95816,,0.75
Q96IF1,,-0.47
Q6NZI2,,0.39
P56937,,0.05
P35221,,-0.09
H0Y3M2,,0.09
Q00839,,-0.18
Q00839,,-0.42
E7ER66,,0.06
Q8NBT2,,0.15
Q9H147,,0.34
Q96ST3,,0.04
Q9H8M7,,-0.01
P16104,,0.46
P16104,,0.19
Q92900,,0.26
Q9Y490,,-0.67
O15212,,0.32
P53004,,0.45
Q16513,,-0.33
Q92538,,0.02
Q9Y230,,0.37
Q92900,,0.10
Q8WUM0,,-0.18
P12270,,0.15
O14908,,0.04
Q9UKG1,,0.16
Q9UBQ5,,-0.01
O60216,,-0.05
P52701,,0.34
Q9UJY4,,-0.33
Q8WUM0,,0.26
Q9HCE1,,0.05
Q9UNK0,,-0.13
O00567,,0.02
Q1KMD3,,0.28
P51153,,0.14
Q86YT6,,0.17
Q13835,,0.08
Q8IVM0,,0.21
Q8IVM0,,-0.08
Q14566,,0.01
O43290,,0.08
Q6UWE0,,0.28
P78527,,0.29
Q9H8M2,,-0.54
P04920,,0.65
Q07352,,0.32
P54652,,0.00
Q8IVM0,,0.45
P50991,,-0.26
G8JLC6,,-0.36
Q9NRW7,,0.37
P23258,,0.41
P54136,,-0.02
Q01664,,0.04
Q8TEL6,,-0.49
P67936,,0.06
P12270,,-0.38
Q02878,,-0.28
E7ENU4,,0.81
B4DUT8,,0.41
Q8NCD3,,0.24
P51965,,-0.10
Q13200,,0.30
Q9UP95,,-0.18
Q08945,,1.15
P52701,,0.31
Q9Y5V3-2,,-0.17
E7ENH9,,0.21
Q13435,,0.05
Q07020,,0.02
O00425,,0.24
O14745,,0.10
P12004,,0.40
Q9NWV4,,0.05
P33993,,-0.71
Q5BJF6,,0.54
Q9UHV9,,0.37
A8MU27,,0.67
Q96S55,,0.17
Q8N884,,-0.39
P08238,,0.03
Q13404,,-0.28
O60216,,0.20
P49458,,0.43
Q9BQQ3,,-0.08
Q9NU22,,-0.15
Q9NTJ3,,-0.12
P78527,,0.49
P78527,,0.02
Q9NS91,,0.05
Q9NS91,,0.20
Q09666,,0.06
P36404,,0.22
P18124,,-0.29
P62899,,-0.39
P62244,,0.12
Q14683,,0.27
Q13547,,-0.24
Q8N5G2,,1.08
O94776,,0.80
P36578,,0.34
P61011,,0.11
Q08211,,-0.28
P60842,,-0.04
P60842,,-0.41
O75694,,-0.31
P32780,,0.01
P32780,,0.29
P14866,,0.25
P14866,,0.29
P14866,,0.14
P23526,,0.17
E9PRY8,,0.53
P62829,,-0.68
Q6NZI2,,0.13
P18754-2,,0.33
P09382,,-0.16
Q09666,,-0.20
Q96L92,,0.01
Q9HCM4,,0.39
Q9HCM4,,0.48
Q07020,,0.61
P52948,,-0.26
O75794,,0.02
O75643,,0.20
P68104,,0.30
Q92688,,-0.08
Q92688,,0.25
Q13148-2,,-0.14
Q93008,,0.07
P52948,,0.35
Q9Y570,,-1.15
P51572-2,,0.17
Q8TAA9,,0.61
O60488,,-0.04
P84098,,0.25
P13489,,0.22
P35579,,0.11
P31641,,0.61
P08670,,0.08
P29590,,-0.10
P29590,,0.15
P29590,,-0.07
P29590,,-0.30
Q9NY27,,-0.25
P12270,,-1.35
P54578,,0.48
P57105,,0.00
Q03252,,0.11
Q03252,,0.12
Q13263,,0.78
Q9UBK8,,0.02
Q9BUT1,,-0.13
Q6PKG0,,-0.49
Q6PJT7,,0.45
O94964-2,,0.20
Q9P0L0,,0.28
O15212,,0.28
Q9UBB5,,-0.45
Q13535,,0.47
Q96R06,,0.30
P20700,,-0.06
A6NHR9,,0.09
Q8WYH8,,0.05
Q5HY71,,-0.12
Q86TM6,,0.22
Q96JP5,,-0.24
Q8IZ52,,-0.05
F5GX74,,0.01
Q13569,,-0.03
P02545,,-0.05
P27348,,-0.09
Q12846,,0.32
P62888,,-0.17
P62888,,0.08
Q9Y6I3-1,,-0.17
P25788,,0.33
Q15043,,0.48
P27635,,-0.35
Q7L014,,0.47
Q08752,,0.52
P05362,,0.47
Q9BTX1,,-0.14
O15031,,0.28
P46937,,0.19
Q9Y467,,-0.23
Q9BTE3,,0.63
Q16222,,0.06
Q9HA65,,-0.02
Q9UJ41,,0.26
Q8TCG1,,-1.02
O43143,,0.45
Q5VTR2,,0.11
B1AKR6,,0.13
P02545,,-0.24
P02545,,-0.24
O60318,,-0.25
Q09666,,-0.16
Q6ZU80,,0.39
P08670,,0.03
P11166,,-0.27
Q9BS16,,0.14
Q01105-2,,0.09
P36578,,-0.49
P33992,,0.10
P50502,,0.13
Q96EP0,,0.93
P09211,,0.39
Q9UKI2,,-0.20
Q96T23,,1.07
P52789,,0.23
Q08945,,0.17
O96013,,-0.28
Q8TF42,,-0.13
Q9UBM7,,0.03
P12270,,0.06
Q9BRX2,,0.08
Q92797,,-0.46
Q14CA3,,-0.06
Q07812-2,,-0.16
P32119,,-0.08
Q6PJT7,,0.83
Q9NY12,,0.75
Q9NYP9,,0.40
Q13829,,0.29
P29966,,0.04
P29966,,0.16
Q12834,,-0.01
Q09666,,-0.03
Q6NZI2,,0.08
Q96AD5,,0.70
P54652,,0.49
H0YG33,,0.45
O60264,,-0.15
Q3KQU3,,-0.15
O95810,,0.26
P07355-2,,0.57
P62308,,0.16
Q9H930,,0.44
P53350,,-0.08
O95235,,0.45
Q9UPP1,,-0.42
Q5FBB7,,0.05
Q5FBB7,,0.04
Q9BY77,,0.01
P33991,,-0.28
P33991,,-0.05
O14737,,-0.14
P12270,,-0.18
Q13490,,0.31
Q8N1F7,,0.05
O00472,,-0.99
Q9Y696,,0.09
O14828,,0.31
O14828,,-0.26
O14828,,0.17
Q00587,,0.52
Q14142,,0.20
P12270,,0.10
O94964-2,,0.53
P48449,,0.67
Q03252,,0.40
Q9UHB7,,-0.46
Q9UHB7,,-0.54
Q15365,,0.06
P61587,,-0.08
P61587,,0.18
Q56P03,,0.74
Q9NQZ2,,0.64
P49207,,-0.41
Q01831,,0.48
Q01831,,0.41
P12270,,-0.40
P22626,,-0.03
P20618,,-0.19
Q8IUF8,,0.13
O75915,,0.56
Q13263,,0.52
Q14683,,0.30
F5GWY5,,0.11
Q6ZU80,,0.20
P46940,,0.01
P46940,,0.16
Q9Y5B9,,0.64
Q9Y5B9,,0.44
O14746,,0.03
H9KV44,,0.10
E9PK25,,-0.06
E9PK25,,-0.05
P09874,,0.10
Q9H147,,0.54
P49459,,0.70
Q8IYH5,,0.18
P35579,,0.72
Q9H6Y7,,-0.09
Q14181,,-0.22
Q08945,,-0.01
P48556,,0.58
Q9BY77,,0.02
Q96T88,,0.06
Q96T88,,0.10
Q8IZ07,,0.38
Q8IZ07,,0.23
Q8IZ07,,-0.06
E7ENH9,,-0.89
Q15417,,0.84
Q15417,,0.79
Q15417,,0.51
O76094,,0.40
O60503,,-0.21
Q99549,,0.13
P63000-2,,0.35
Q14739,,-0.19
P05198,,0.03
P25787,,0.58
Q9Y224,,0.23
Q9NS93,,0.08
Q9NS93,,0.45
O60315,,-0.01
P26599-3,,-0.09
Q8IZ07,,0.59
Q96AG4,,-0.11
Q16850,,0.56
P12931-2,,-0.21
Q96R06,,-0.01
P09874,,0.17
P45973,,0.24
Q9UGL1-2,,0.40
P20337,,-0.09
E7ENU4,,0.00
Q8TDD1-2,,0.17
Q01469,,0.18
Q5BJF6,,0.08
Q5BJF6,,0.52
Q14680,,-0.10
E7EQ40,,0.41
O94776,,-0.13
P02545,,0.35
P02545,,0.15
P61081,,0.58
O00193,,-0.38
E7EUT4,,0.06
E7EUT4,,0.08
P16070,,0.34
P20618,,0.34
P63244,,-0.25
Q9Y5V3-2,,-0.12
Q8NCF5,,0.30
O75347,,0.22
P52948,,-0.09
P25788,,0.06
Q6L8Q7,,-0.06
Q8N0X7,,0.02
P50990,,0.24
P24534,,-0.07
P37837,,0.40
P12004,,-0.12
P01106-2,,0.29
O15119,,0.61
O43242,,0.28
P25786-2,,0.15
Q9Y266,,0.08
Q9UP95,,0.19
Q96AG4,,0.21
P23470,,-0.63
Q15365,,0.51
Q15365,,0.12
P22090,,-0.31
Q16763,,0.05
P61086,,0.50
Q13347,,-0.26
Q15029,,0.88
Q9UBE0,,0.14
Q9UHD1,,0.10
P63096,,-0.34
Q96EK4,,-0.12
P63244,,0.00
Q9NQW6,,-0.79
Q9NQW6,,0.11
Q9NQW6,,-0.01
Q02241,,0.18
Q02241,,0.21
P25788,,0.00
Q9Y2W2,,0.62
Q9Y2W2,,-0.21
Q96DN5,,0.48
Q9NZB2-6,,0.62
Q9UFF9,,0.31
P20700,,-0.40
P20700,,0.17
Q03252,,0.16
P20700,,0.36
P20700,,0.32
Q03252,,0.06
Q96JH7,,0.18
Q96NE9,,-0.19
O14818,,0.27
Q8NEM2,,0.08
P78527,,0.07
O43396,,0.36
O43143,,0.12
P49327,,0.02
Q14C86-6,,0.06
Q96PU8,,0.52
O14964,,0.33
Q9ULT8,,0.53
Q5T4S7-2,,0.36
Q14980,,0.46
O43791,,0.88
Q13263,,0.04
P52789,,-0.57
P06493,,0.53
P06493,,0.12
Q9NYF8,,0.23
P26641,,0.13
P21266,,-0.05
Q9UK76,,0.64
Q9UK76,,0.26
O00291,,-0.31
Q9BUF5,,0.55
O00410-3,,0.13
Q9H307,,0.53
P49366,,0.00
P62714,,-0.18
Q15645,,0.21
P67775,,0.11
Q15428,,0.10
P26599-3,,0.14
P63104,,-0.14
P63104,,-0.13
P63104,,-0.02
P63104,,-0.11
P63104,,-0.50
Q9NS56,,0.19
P49643,,0.11
Q9NQW6,,-0.29
P02795,,0.09
Q16543,,0.35
P37268,,0.01
P68104,,0.19
P25116,,0.21
P25116,,0.00
Q8TAA9,,-0.19
Q8TAA9,,-0.28
Q9H930,,0.49
Q96RD7,,-0.03
Q12933-2,,0.43
Q02952,,-0.28
Q13490,,0.11
P06493,,-0.05
Q8NFH3,,-0.30
Q15233,,-0.15
Q9UBB4,,-0.35
P37268,,0.12
O75915,,0.55
Q96DR4,,-0.16
P67936,,0.38
P12270,,-1.44
Q00534,,0.64
Q09666,,-0.24
Q9H5K3,,0.40
P27348,,-0.02
P22626,,0.10
O95749,,-0.11
P27348,,0.15
O95551-2,,0.48
O95551-2,,0.43
P55060,,-0.16
Q9UI09,,-0.02
G3V5T9,,-0.05
P54725,,-0.03
Q96GG9,,0.08
P31948,,-0.30
P31948,,0.16
Q9HBM6,,0.76
Q16594,,-0.12
Q8WUY1,,0.57
Q9H992,,0.26
P29401,,0.21
O60684,,0.32
P40937,,-0.08
P51991,,0.45
P11388-4,,0.29
P36578,,-0.17
Q14103,,-0.26
Q96DX7,,0.32
Q5SRE5,,-0.73
Q13263,,0.31
P06744,,0.17
E7EV01,,-0.41
Q9NZN4,,-0.50
Q9H4M9,,-0.13
Q99729-3,,0.03
Q99729-3,,-0.46
Q99729-3,,-0.31
Q99729-3,,-0.32
Q99729-3,,-0.25
Q99729-3,,-0.34
Q07812-2,,-0.02
Q6DD88,,0.71
Q13435,,-0.32
P62820,,0.33
P17302,,0.08
Q9Y6Y8,,0.20
Q96BN8,,0.93
Q14566,,0.11
P04899,,0.00
P07910-2,,0.64
P04899,,0.21
P04899,,-0.21
Q4KMQ2-2,,-0.04
P61081,,0.13
Q9NVI1,,0.21
P48643,,0.16
Q86VP6,,0.01
P41208,,0.13
F5H1E9,,0.70
P60981,,-0.29
P12956,,-0.06
H0Y7A7,,-0.06
Q8TAQ2,,-0.05
Q09666,,-0.08
Q09666,,-0.16
P27348,,0.03
P63104,,-0.23
Q93009,,-0.12
Q9NZ01,,-0.17
Q9NVM4,,-0.36
Q96QD8,,0.28
Q9HCE1,,0.13
Q6UXN9,,-0.18
Q13347,,0.22
O15381,,0.33
P61586,,0.34
E9PN11,,0.19
P62745,,0.57
Q8IY92,,0.28
Q99584,,0.00
P32969,,-0.03
P32969,,-0.04
P83731,,-0.21
P20290,,-0.36
P08238,,-0.15
Q9NZ01,,0.12
P32969,,-0.21
Q01650,,0.39
O75717,,-0.27
Q8TBC3,,0.89
Q9BYM8,,0.82
Q04323,,0.16
O60232,,-0.58
A8KAH5,,-0.03
P06493,,0.42
P26639,,0.00
Q99436,,-0.13
P62875,,0.19
Q5VVJ2,,0.08
Q9UNN5,,0.17
P48643,,0.26
P49368,,-0.43
P53621,,-0.17
G8JLB6,,-0.33
P84157-2,,-0.35
P84157-2,,0.17
P05556,,0.65
P05556,,0.56
P30519,,-0.41
E7ES43,,-0.07
P53621,,-0.23
Q96L91,,-0.11
Q9Y4E5,,0.75
Q9Y4E5,,1.65
O43813,,0.65
P41440,,0.34
P35579,,-0.05
O95551-2,,-0.49
O75146,,0.13
Q93009,,-0.26
P84098,,-0.01
Q09666,,0.37
Q9Y4E5,,1.18
O15126,,0.13
P29401,,0.38
Q09666,,0.05
P47914,,-0.39
P06748,,0.13
Q15853,,0.10
Q16531,,0.39
Q9UPT9,,-0.16
B0QY89,,-0.13
Q6NUQ1,,0.60
P09936,,0.24
P05067,,0.16
P14373,,0.22
Q15233,,-0.05
Q15417,,0.23
Q15417,,0.46
Q15417,,0.67
O75347,,-0.04
O75347,,-0.10
P41223,,0.27
O43809,,0.28
P20700,,0.73
Q03252,,0.31
Q9BVA1,,0.76
P20337,,0.41
P41208,,0.27
P41208,,0.02
P25205,,0.78
P06737,,0.32
Q16186,,0.45
Q16186,,-0.05
Q09666,,0.01
P41208,,0.18
P49790,,0.43
P11216,,0.17
Q14847,,-0.06
P31946,,0.34
O75581,,0.57
P61981,,0.29
P33993,,-0.06
O15031,,0.05
O94952,,-0.12
O00425,,0.36
P50990,,0.26
Q9NNW5,,0.20
O95714,,-0.34
P11142,,0.52
Q96PZ2,,0.14
P13639,,0.15
P11142,,0.49
P11142,,0.28
H0YG33,,0.12
O15439,,0.26
P09543,,0.39
P37235,,0.50
P40429,,0.07
Q15436,,0.36
Q7L2H7,,0.56
Q7L2H7,,0.34
Q9UPU5,,-0.17
P84090,,0.40
P04083,,0.27
P78406,,0.29
P55884-2,,-0.41
P63167,,0.05
Q8WXI9,,0.56
O15355,,-0.15
Q86XK2-5,,0.15
Q86XK2-5,,0.01
Q13243,,-0.12
Q96ST3,,0.45
H3BRC1,,-0.18
P12270,,-0.84
Q99615,,-0.07
Q01196-8,,0.28
E9PNI7,,-0.05
Q99436,,0.30
P35579,,-0.41
Q9P287-2,,0.42
Q9BY44,,-0.01
O75367,,0.19
O75367,,-0.13
O75367,,-1.19
P08581,,-0.11
Q99829,,0.31
Q9NZE8,,-0.53
Q6FI13,,0.20
P16104,,0.50
P16104,,0.22
Q9UBC2-2,,0.53
Q9UHJ6,,-0.15
E7ENI0,,0.47
Q14980,,0.48
P23634-6,,-0.21
P62913,,0.40
Q96Q45-3,,0.15
Q99590,,-0.13
D6REX3,,0.64
P23634-6,,0.32
P18124,,-0.28
P18124,,-0.32
Q9Y696,,0.31
Q9Y508,,0.26
Q9Y508,,0.29
P62424,,0.17
P62424,,-0.17
Q6NZI2,,-0.05
Q6NZI2,,-0.05
P32969,,-0.14
O43491,,0.00
P23458,,0.22
P37802,,0.11
Q16678,,0.75
P54727,,-0.14
P54727,,-0.04
F5GY24,,0.16
Q96EA4,,0.09
F5H3A1,,-0.10
P63241-2,,-0.03
Q14574,,0.06
P49721,,0.13
Q13618,,0.01
E7ERF5,,-0.03
P00533,,-0.28
P26373,,-0.89
Q96G28-2,,0.26
P11388-4,,-0.15
Q86VI3,,0.08
Q9Y4E5,,0.76
O60488,,0.37
Q9P0V3,,-0.10
P14618,,-0.06
O95816,,0.68
Q04446,,0.18
P61247,,0.09
Q7Z6E9,,-0.29
Q9Y224,,0.27
Q68DH5,,-0.44
Q32Q12,,0.37
P07900-2,,0.08
Q8WW12,,-0.07
G5E9Q2,,0.09
Q92572,,0.46
P36578,,-0.13
P15311,,0.18
P15311,,0.16
Q13873,,0.10
O75592,,0.30
P12956,,0.72
P13051,,-0.34
G8JLA2,,0.50
Q12959-2,,0.13
Q6PIJ6,,0.64
P34932,,0.12
P78527,,0.20
Q92922,,0.01
O60427,,0.31
P46940,,-0.29
P08708,,-0.23
Q7L2Z9,,0.14
Q7L2Z9,,0.19
Q96AG4,,0.13
Q03188,,0.10
O15355,,-0.29
P52292,,0.30
P11388-4,,0.88
P60953,,0.14
Q9Y3Y2-3,,-0.06
Q13873,,0.11
Q9BV40,,0.27
Q02241,,0.10
P30876,,-0.25
Q9BS16,,0.23
P30414,,-0.11
Q99569,,-0.02
Q86VI3,,0.26
Q9H0D6,,0.28
Q03188,,0.38
O15355,,0.06
Q9BV40,,0.54
Q8WUF8,,-0.15
P12004,,0.57
O60506,,0.35
O95232,,-0.52
O43390,,0.30
Q9NS91,,0.42
P46977,,0.35
Q13310-3,,0.49
Q9BQE5,,0.32
F5H3A1,,0.86
Q9H3R5,,0.31
Q9UER7,,-0.74
P17676,,-0.44
P55884-2,,0.14
Q15424,,-0.11
Q14697-2,,-0.10
Q6PJT7,,0.19
Q9UFF9,,-2.07
P08238,,-0.58
P53621,,-0.19
Q9GZZ1,,0.30
Q96AG4,,0.41
Q5JUR7,,-0.06
Q16513,,-0.23
P62258,,0.36
P31947,,-0.08
P27348,,0.19
P27348,,-0.17
Q9Y3B4,,0.26
P19338,,0.13
P08670,,0.01
P16070,,-0.10
Q02241,,0.50
Q9BV40,,0.14
P46939,,-0.01
P04899,,0.23
Q15170-2,,-0.03
Q9UBB4,,0.33
O15381,,0.71
Q8WXW3,,0.23
Q13952,,0.19
Q8WVM8,,-0.01
Q05086,,-0.01
Q9UNS2,,0.59
P22087,,-0.19
P15121,,0.18
P53794,,0.08
P62829,,-0.30
P29401,,0.30
Q9HD42,,-0.43
Q14683,,0.12
Q68DH5,,0.06
Q99569,,0.01
Q9H444,,0.18
Q9Y6M5,,-0.14
Q9NZM3,,-0.01
P62195,,0.03
E9PCR8,,-0.98
Q9NQW6,,0.16
Q9NQW6,,-0.26
Q9ULT8,,-0.16
O95183,,0.26
O95782,,0.01
P31939,,0.11
P08238,,0.61
P04899,,0.14
P08754,,0.51
Q96AD5,,0.29
P04035,,-0.44
Q9H930,,0.32
Q6PJT7,,0.40
P48449,,0.17
P61313,,0.17
P61313,,-0.26
B0YIW6,,0.13
O15381,,0.96
Q9BXJ9,,0.45
Q9UQB8,,-0.65
Q9Y253,,0.05
F5H3A1,,0.48
P36578,,0.04
P23246,,-0.25
Q9UBC2-2,,0.68
O95630,,-0.12
P62191,,0.14
P07814,,0.11
Q13098-7,,0.59
Q13098-7,,0.46
P31949,,0.63
P50443,,0.08
Q96KQ4,,0.02
P11021,,-0.09
Q14566,,-0.77
P11142,,-0.05
Q16594,,0.86
H0YG33,,-0.50
P11142,,-0.04
Q9HAW4,,0.07
P11233,,-0.31
Q8IY57,,-0.47
Q8N488,,-0.02
Q8N488,,-0.43
E9PCS5,,0.45
Q92674,,0.02
Q86SQ4,,0.08
O95864,,0.00
P49454,,0.09
P51965,,-0.08
Q9BW19,,-0.03
P18206,,0.03
E9PB61,,-0.07
Q96T88,,0.30
P49768,,0.32
P18206,,0.28
Q9UHB9,,0.52
Q14974,,0.36
Q9NQ29,,0.88
Q8NEM2,,0.47
O00299,,0.77
Q9Y2U8,,0.34
O75694,,0.30
P26639,,-0.01
P29401,,-0.04
P29401,,0.80
H0YG33,,0.16
Q9P0U3,,0.03
F5H3A1,,0.41
F5H3A1,,0.62
Q9UQB8,,-0.51
P78527,,0.22
Q9NYF8,,0.51
E7EW20,,0.04
A8MXP9,,-0.15
P02545,,-0.11
B0YIW6,,0.27
O14936,,0.28
E7ERV0,,0.37
Q15014,,-0.26
Q9Y4W2,,1.01
Q9UJX6,,-0.09
O00203,,0.05
P60953,,0.14
Q8N0T1,,-0.31
Q8N0T1,,-0.31
Q9UKX7,,0.61
P35659,,-1.52
P31689,,0.51
Q86VI3,,0.16
P55884-2,,0.25
P06733,,-0.07
Q86TG7,,0.36
Q86TG7,,0.23
Q86TG7,,0.05
O60884,,0.08
O60884,,0.18
Q08J23,,-0.08
O14545,,-0.22
Q9NY27,,0.18
P00338-3,,0.32
Q8TBA6,,0.67
E7EMK3,,-0.24
P49721,,0.09
Q8NBX0,,0.24
P61011,,0.30
Q9Y3I0,,0.24
Q15008,,0.03
O94964-2,,0.28
P20339,,0.47
Q9UL25,,-0.03
B0YIW6,,0.48
O76094,,0.92
P11388-4,,0.35
Q9UJX4,,0.28
P48449,,-0.05
Q9BWF3,,0.45
F8VQD4,,-0.45
O14828,,-0.05
O14828,,-0.37
O14828,,-0.26
O14828,,-0.24
P17858,,-0.14
Q8N5G2,,1.11
Q13098-7,,0.01
Q9UJW0,,-0.03
P17302,,0.19
A8KAH5,,0.89
P67809,,0.14
P25787,,0.33
O14964,,0.06
O14964,,0.10
O14964,,-0.35
Q8N0X7,,-0.14
O15145,,0.34
P33316-2,,-0.13
Q99879,,0.82
Q7Z434,,-0.23
P30046,,0.11
Q9NZJ0,,1.37
P39019,,-0.28
E9PES4,,0.03
P25686,,0.43
P09234,,0.00
P46783,,0.16
P15311,,0.04
P62249,,0.19
Q96QD8,,0.34
Q96QD8,,0.20
Q6NZI2,,0.40
O00560,,-0.04
Q9UM00,,0.48
P08670,,0.29
O43491,,0.01
O75151,,0.38
Q14980,,0.19
Q96S55,,0.11
F8W1H5,,0.04
F8W1H5,,-0.11
P20339,,-0.23
Q8N0X7,,-0.03
P11142,,0.45
P11021,,0.26
H0YG33,,-0.06
Q8IZV5,,0.59
P07910-2,,0.51
P04083,,-0.55
P04083,,-0.56
P12429,,-0.08
Q6GQQ9,,0.41
Q13190,,0.76
Q92598,,0.27
Q8WUA2,,0.15
E7EM95,,0.52
P35579,,0.17
P35579,,-0.24
Q13488,,0.02
Q13488,,0.22
O00273,,-0.22
P09543,,-0.26
P17980,,0.32
P54727,,0.38
P17980,,0.65
P54727,,0.33
P53814-6,,-0.20
P53621,,-0.25
Q8IY63,,-0.08
P49321,,0.43
Q9BRQ8,,0.11
Q9Y4X5,,0.36
Q9H4G4,,-0.11
P09936,,0.09
P14373,,0.10
Q9H0H5,,0.56
O75367,,0.17
O75367,,0.42
P11166,,0.00
P11717,,0.13
Q9NZM3,,0.08
Q99961,,-0.07
P78527,,0.07
Q15691,,0.18
Q16531,,0.16
P25686,,0.32
P25786-2,,0.26
Q13263,,0.74
O60506,,-0.05
O60664,,0.33
Q32Q12,,-0.17
C9JUT5,,-0.69
P09936,,0.00
P09936,,0.06
Q9UKG1,,0.29
Q9GZR7,,-0.35
E9PCT1,,-0.67
P20700,,0.31
P18124,,-0.13
P35998,,-0.04
P35998,,0.91
P18206,,0.01
Q9UNN5,,0.33
Q14444,,-0.69
Q9Y3A5,,0.18
Q9Y4E5,,0.67
Q9H6Y7,,0.59
O14964,,0.01
P10644,,0.03
P46939,,0.91
Q8WX93,,0.84
P31689,,-0.10
P78527,,0.20
O14964,,0.16
P48729-2,,0.06
O43707,,0.11
Q14004,,0.31
E9PBD4,,0.30
O14646,,-0.45
Q5BJF6,,0.21
P25789,,0.32
O14964,,-0.62
P05455,,0.45
P60953,,0.21
Q9NYL9,,1.01
P10721,,-0.33
P07910-2,,-0.21
P05455,,0.36
E7EVU8,,0.04
O60884,,0.32
P55072,,-0.11
P62987,,-0.93
E9PGS1,,0.27
E9PGS1,,-0.05
Q14980,,0.28
Q6PJT7,,0.98
Q8IZ07,,0.43
Q15392,,0.21
O95983,,-0.47
Q9H9T3,,-0.34
B4DR61,,0.30
Q9BSJ8-2,,0.39
Q99615,,-0.07
E9PB61,,-0.08
Q86V81,,0.25
P60228,,0.39
Q86YT6,,0.38
Q9NVF7,,-0.19
Q08945,,0.20
P67775,,0.20
Q86T82,,0.45
E9PBC2,,-0.05
Q9UNF0,,0.14
Q9BVK6,,0.07
Q00839,,0.25
P04899,,0.05
Q9Y6I3-1,,0.09
Q96S55,,0.11
Q02241,,0.26
Q15365,,0.14
Q8N1F7,,0.09
Q92922,,-0.10
P36383,,0.25
Q8WY91,,0.01
P61086,,0.19
B4DP36,,0.24
B4DP36,,0.04
O00472,,-0.16
P22314,,0.62
Q01105-2,,0.01
Q7Z3T8,,-0.32
P33993,,1.62
P46776,,-0.19
Q13263,,0.08
P46063,,0.36
B4DP36,,0.37
F8W930,,0.15
P40937,,0.04
P08621,,0.81
Q03252,,0.57
Q6IQ22,,-0.33
O75886,,-0.12
O75886,,0.28
P54105,,-0.20
Q96CS3,,-0.10
Q01658,,0.06
Q9NR09,,0.27
Q15286,,-0.03
P46939,,-0.47
Q16643,,0.30
P08670,,0.20
Q9H6K1,,1.08
Q6UX15,,-0.40
Q8N697,,0.27
Q8NI27,,-0.33
P53999,,-0.01
Q14152,,0.47
Q14152,,0.18
P62424,,-0.06
Q2TAY7,,-0.52
P12270,,-0.33
P62888,,-0.07
P54577,,0.39
P55011,,0.47
Q5SRE5,,-0.06
P38936,,-0.02
P38936,,0.01
P11388-4,,0.65
E7EQR8,,0.00
P62877,,0.53
P02786,,0.65
F8WA38,,-0.01
P08670,,0.38
P48643,,-0.05
Q15058,,0.31
Q9Y3T9,,-0.03
P08670,,0.46
P11233,,0.38
Q9NS91,,0.27
Q9NS91,,0.10
Q9NS91,,0.62
P00338-3,,0.03
Q9UKN8,,0.16
Q9BQE5,,0.27
P62273,,-0.06
Q07666,,0.04
P31939,,0.60
P55036,,0.16
P39748,,0.11
Q14152,,-0.58
Q01650,,0.01
Q8TAQ2,,-0.83
P08238,,0.19
Q15417,,0.43
P04083,,0.03
Q9NVJ2,,-0.29
P11388-4,,0.52
Q12788,,-0.21
P33993,,-0.53
Q92575,,0.09
Q9C0C7-5,,0.07
Q15417,,0.41
Q9UPT9,,0.73
Q9Y3A5,,0.22
P33993,,0.48
O00472,,-1.18
Q14566,,-0.14
P63244,,-0.04
Q9Y3Z3,,0.25
A7MAP0,,0.22
P62942,,-0.62
A8MU27,,0.26
P29992,,0.26
Q9UL26,,0.38
P05783,,0.49
P10412,,-0.29
P16401,,-0.09
Q9Y4E5,,0.83
Q96EB6,,0.32
Q5QPG6,,0.05
Q15149,,0.29
Q12983,,0.03
P23396,,-0.28
P09874,,-0.17
Q68CP9,,-0.02
P04083,,0.35
Q9UPT9,,-0.35
Q9NWM3,,0.05
P11802,,-0.17
Q9HAF1-3,,-0.22
P60842,,-0.43
Q9NRL2,,0.21
Q9BTU6,,-0.10
Q9NZJ0,,1.00
O15212,,0.10
Q99459,,-0.02
Q14152,,-0.05
Q5H9F3-3,,-0.44
Q9BXF6,,0.20
Q86WC4,,-0.14
Q8N5G2,,0.91
Q86TM6,,-0.07
P49207,,-0.43
O14964,,0.03
Q15233,,-0.13
P12270,,-1.74
Q04323,,-0.34
P62913,,0.18
P61313,,-0.34
Q9Y253,,0.33
Q9NS91,,0.38
O95551-2,,0.84
P23246,,-0.09
Q14315,,0.24
P62424,,-0.19
Q9C0H5-2,,-0.72
P14866,,-0.17
P55011,,-0.28
Q9H307,,0.10
G3V3G9,,-2.06
Q15233,,0.16
P08621,,0.39
P38936,,-0.20
P08670,,-0.02
O95235,,-0.88
E7EVU8,,-0.10
Q15459,,0.41
O00750,,0.07
Q9Y6M5,,0.00
P08670,,0.41
P30530,,0.15
P33991,,0.42
Q01970,,0.14
Q2TAL8,,-0.40
Q9UKM9,,-0.16
P39019,,-0.41
P68431,,-0.10
O43463,,-0.47
P52597,,-0.36
F5GXA6,,-0.62
E9PCR8,,0.00
P68431,,-0.05
P41440,,0.34
P41440,,0.53
Q8NC51,,0.25
P53350,,-0.31
Q15121,,0.04
Q8TAF3,,0.20
P07195,,-0.01
P00338-3,,0.39
Q15149,,-0.42
Q13263,,0.58
P18621,,0.15
P48029,,0.11
Q96CW6,,-0.12
Q02952,,-0.23
Q9Y5V3-2,,0.34
Q68DH5,,-0.33
O43390,,-0.13
Q9UK76,,-0.05
O15234,,-0.17
A7YIJ8,,-0.11
A8CG34,,0.20
E7ENH9,,-0.32
G3V1S2,,-0.13
Q9BSJ6,,0.13
P07355-2,,0.53
P61224,,-0.38
Q01105-2,,0.10
Q01105-2,,0.15
P04920,,-0.27
Q9H4G4,,0.05
O43175,,0.97
P13639,,0.14
P42566,,0.47
H0YG33,,0.03
P46783,,0.58
P46783,,0.54
P46783,,0.25
P05556,,0.64
P05556,,0.40
P02795,,0.18
P27635,,0.00
E7EVU8,,-0.33
Q9H8U3,,0.51
Q7Z3T8,,0.61
P04183,,-0.22
P78527,,-0.05
Q969Z3,,0.31
P06733,,-0.11
P06733,,0.20
O15304,,0.95
P06454,,0.22
P06454,,0.00
P14866,,0.52
Q9Y4E5,,0.30
P80723,,-0.10
Q9H2P0,,-0.18
Q13889,,0.43
Q8N488,,0.02
P43121,,0.03
P43121,,-0.08
P62328,,-0.11
P62328,,0.02
Q13610,,0.06
P43121,,0.06
P62328,,0.17
Q13610,,0.33
P55011,,-0.29
P11233,,-0.23
Q9ULJ6,,0.47
O15294,,-0.12
Q12789,,0.05
Q9UBI6,,-0.19
P17302,,0.17
P17302,,0.03
O75131,,-0.05
B8ZZN6,,0.00
B8ZZN6,,-0.08
O60488,,0.24
P62136,,-0.21
O75400,,0.03
O75400,,-0.34
P07910-2,,0.10
Q9NW64,,-0.09
Q9UBB5,,0.30
P53794,,0.06
P23246,,0.61
A8MU27,,0.31
P46013,,-0.07
O60749,,-0.23
B7Z5W1,,0.10
B0YIW6,,-0.34
P13010,,0.22
Q9C0B5,,-0.40
P62888,,-0.09
P31942,,0.23
P31942,,-0.15
Q8NE01,,-0.26
Q7Z3T8,,0.27
O75694,,0.42
Q15149,,0.16
Q15758,,0.90
Q9Y5V3-2,,0.13
P62333,,0.15
P27694,,0.26
P51955,,-0.59
P29317,,0.24
P09651,,0.51
Q8IYM9,,-0.44
P16403,,-0.38
P10412,,-0.72
P10412,,-0.81
Q13200,,0.07
Q14CA3,,-0.38
Q03252,,5.37
E9PGS1,,0.07
O15498,,-0.08
Q8WYQ5,,0.06
Q01813,,0.10
B1AZV3,,-0.06
P33991,,0.21
P41091,,0.12
Q7Z3T8,,-0.22
Q9H3M7,,0.44
O15270,,0.05
Q02880-2,,0.30
Q9UPU5,,-0.32
Q6PJT7,,0.35
Q6PJT7,,0.34
Q14137,,0.06
P29966,,-0.79
Q96AD5,,-0.08
Q9Y253,,0.54
Q9Y3Z3,,-0.05
Q14444,,0.07
Q14444,,0.18
Q14444,,0.03
O00214-2,,0.55
O00214-2,,0.35
O00214-2,,0.21
P62081,,0.25
O43390,,0.20
O00148,,0.12
Q6DD87,,-0.58
P18583-5,,0.23
P11142,,0.22
P11142,,-0.08
P52701,,0.43
O60884,,0.37
Q6MZP7,,0.03
Q9ULI3,,0.72
Q13829,,0.53
P49792,,0.08
Q13526,,0.18
Q9UPN4-2,,-0.10
Q5JPE7,,0.09
P05556,,0.26
O15234,,0.27
Q13347,,0.12
P35579,,0.35
P49790,,-0.47
Q9UGL1-2,,0.27
Q9H7N4,,-3.36
Q03135,,-0.16
P49790,,-0.08
Q9NVH2,,-0.26
P29401,,0.40
P49790,,-0.09
P06733,,0.41
P62888,,-0.13
P62888,,0.20
P49915,,0.36
Q9NVH2,,0.55
P42345,,0.01
G5E948,,0.24
Q96EP1,,0.40
Q96EP1,,0.43
P63218,,-0.10
P30626,,-0.40
Q14683,,0.17
P16403,,-0.22
P14625,,-0.05
P46776,,-0.75
Q08J23,,0.31
Q9Y4E5,,1.21
Q9Y4E5,,1.31
A4D2Q0,,0.23
P09651,,-0.36
P42166,,-0.04
Q8TAA9,,-0.04
P61024,,-0.22
P46940,,-0.10
Q14592,,-0.08
Q8N5G2,,0.93
Q8N5G2,,0.50
Q8N5G2,,0.60
P84090,,0.33
P00749,,0.18
Q9Y508,,-0.05
Q9Y508,,0.36
Q96QD8,,0.45
Q96QD8,,0.16
P07305,,-0.35
P33992,,0.06
Q13131-2,,-0.55
Q7Z6I8,,0.14
Q96S55,,0.10
C9JUT5,,-0.01
F5H0C4,,0.11
Q96PZ2,,0.19
Q9NYJ8,,0.16
Q9HD20,,-0.15
Q9Y295,,-0.33
P50991,,-0.45
P06733,,-0.12
P78347,,0.56
P78347,,0.12
P42566,,0.45
P42566,,0.88
P05198,,0.17
P42566,,0.81
Q9NTJ3,,0.23
P22314,,0.53
O75446,,0.49
P24534,,-0.14
Q13547,,0.24
P19338,,0.13
Q8N7H5,,0.35
Q8IY92,,1.19
O75190,,0.15
Q9H223,,-0.19
F5H1U9,,-0.30
Q13347,,-0.63
P62937,,-0.02
P62308,,0.13
P62308,,0.07
P62308,,0.02
Q71F23,,-0.24
Q96T23,,0.84
Q53GQ0,,-0.19
Q99653,,0.47
Q8N9Z2,,0.44
O43172,,-0.04
F5GZX4,,-0.14
Q96F85,,-0.21
Q6UX15,,0.08
P16949,,0.21
Q06830,,-0.28
P08670,,0.22
P08670,,0.24
O15347,,0.18
P23526,,0.19
Q13951,,-0.07
Q86U86,,-0.08
P11388-4,,1.14
P11940,,-0.65
P11142,,0.18
B4E040,,0.28
P04035,,-0.02
Q13185,,0.09
Q8N806,,-0.13
Q14683,,0.17
P40222,,-0.33
P26373,,-0.71
Q9P265,,-0.05
Q9H4M9,,-0.27
Q9UBC2-2,,0.07
P04899,,-0.21
P60981,,-0.36
O00567,,-0.34
E9PAV3,,0.14
Q9NZ52,,0.29
Q9NZ52,,0.09
O15511,,-0.08
P14866,,-0.03
O95721,,0.23
E7EQ40,,-0.09
Q96PZ2,,-0.37
P09493-3,,-0.05
P09493-3,,-0.16
E9PBC2,,0.25
O95235,,-0.12
O95235,,0.21
Q8NBW4,,0.30
P09651,,0.04
Q9BX40,,-0.25
A8MXP9,,-0.17
P46940,,-0.36
O00443,,0.22
P62191,,-0.04
P52732,,-0.05
P52732,,0.05
Q9BR77,,-0.14
G5E9Q2,,-0.04
O15525,,0.03
Q15311,,0.37
Q9Y5X3,,-0.44
Q8N884,,-0.11
Q14344,,-0.16
Q13618,,-0.42
Q9NS91,,0.92
Q8IWJ2,,0.10
Q96PZ2,,-0.50
F5GX74,,-0.59
Q6NZI2,,-0.19
Q96KQ7,,0.35
Q9H7P6,,-0.23
Q9NVC6,,-1.06
O95864,,0.14
O95551-2,,0.51
Q6P3S6,,0.13
Q13045,,0.13
O15360,,-0.20
Q9Y570,,0.24
Q15058,,0.47
Q15058,,0.15
Q15058,,-0.09
F5GX82,,0.17
Q9BWF3,,-0.60
P31939,,0.30
Q15717,,-0.17
A8MSH5,,-0.05
Q9H3N1,,-0.51
Q15075,,0.12
Q15075,,0.19
Q9Y263,,0.57
Q9Y263,,0.39
Q13426,,-0.09
P0C0S5,,0.69
P35659,,-0.50
P51572-2,,0.03
P48509,,0.06
Q9UKM9,,0.01
Q9UBT7,,-0.03
Q9BWT1-2,,0.02
Q14566,,0.70
Q9UBC2-2,,-0.36
E9PF86,,-0.12
Q99661,,-0.05
Q96RN5,,0.11
O14578-4,,0.50
Q13098-7,,0.28
P62316,,0.34
Q01831,,0.34
Q01831,,0.62
Q92576,,0.09
Q8IUW5,,0.10
Q8TAT6-2,,0.17
P62306,,-0.03
P62306,,-0.12
P35367,,-0.55
Q8WYP5-2,,0.50
O75694,,0.00
E7ENH9,,-0.23
P30153,,0.03
E9PFZ5,,0.04
E9PFZ5,,-0.42
Q12849,,0.04
P10644,,-0.04
Q3SXM5,,0.20
O43299,,-0.16
Q8NCD3,,-0.44
P22059,,0.46
Q4LE60,,0.22
Q4LE60,,-0.09
Q4LE60,,-0.22
Q9UIG0,,-0.68
Q9NUM4,,0.81
O75351,,0.36
Q86SQ4,,0.25
P27694,,0.52
Q86VI3,,0.69
E9PQG7,,0.19
Q99650,,0.31
B5MEC5,,0.36
B5MEC5,,0.14
Q9NYP9,,0.04
O96028,,0.83
Q8TEL6,,0.09
P62269,,-0.26
P31153,,-0.29
F5H1U9,,-0.11
O75643,,-0.26
Q02539,,-0.88
O75886,,0.24
P07355-2,,0.04
Q16678,,0.56
Q7LBR1,,-0.17
Q9NP77,,0.08
Q9BT73,,0.17
Q13277,,0.13
Q96SK2,,-0.23
Q9UNS2,,0.38
O95071,,0.41
Q9UNX3,,-0.07
P16615,,0.11
P28066,,0.33
Q53EP0,,0.17
P02545,,-0.13
P45973,,0.12
Q14592,,-0.25
P05556,,0.56
P46939,,-0.19
O75165,,-0.25
O43765,,0.18
Q9BPZ3,,-0.24
P18077,,-0.29
Q9Y4E5,,0.98
Q9Y4E5,,0.60
Q9H3F6,,0.03
O95999,,0.35
P62820,,0.04
Q96GD4,,0.35
P62826,,0.13
Q8TBC4,,0.42
E7EVU8,,0.22
Q9NS91,,0.48
P40855,,0.31
P55011,,0.12
Q8NFH5,,0.61
Q8N4S9,,0.67
P48556,,-0.31
Q14534,,0.29
Q09666,,0.32
Q92922,,0.41
O95602,,0.29
P46821,,-0.04
Q99569,,0.10
Q5SW96,,0.30
H3BQ05,,0.18
Q86YT6,,0.59
Q8N5G2,,1.07
Q8N5G2,,1.23
O94972,,0.11
O43491,,-0.44
O43491,,-0.81
Q49A88,,0.71
Q14CA3,,0.26
P55072,,0.50
O43791,,0.68
Q5SRQ6,,-0.06
E7EQ40,,0.76
P06400,,0.12
P15880,,0.10
P54760,,0.32
Q9UHN6,,0.06
P62495,,-0.12
O95551-2,,0.89
P16070,,0.25
Q15075,,0.05
O75874,,-0.36
O15145,,0.17
Q9Y2I1,,-0.13
Q96J02,,0.44
P46013,,0.14
Q92499,,0.21
P13010,,0.07
P13010,,0.12
P13010,,0.03
Q13257,,0.37
O15357,,-0.10
Q8N9Z2,,0.32
Q14232,,0.51
P60228,,0.09
P12270,,-0.20
P19338,,-0.08
P51797,,-0.31
Q13443,,0.31
Q13443,,-0.02
Q9P0J7,,-0.48
Q8IZ07,,-0.07
Q14974,,-0.04
Q9UNM6,,0.29
Q9Y617,,1.09
Q86SQ4,,0.09
Q86YT6,,0.09
E7EVU8,,0.23
P50443,,0.15
Q99590,,-0.27
P32455,,-0.57
P49790,,-1.62
P49790,,-1.06
Q8NC51,,0.16
P07737,,0.39
Q09666,,0.14
Q02543,,0.17
P09651,,0.41
Q9UHV9,,0.46
E9PGS1,,-0.38
P84022,,0.21
Q15796,,0.07
Q5SVZ6,,0.67
Q09666,,0.28
Q6SJ93,,-0.10
C9JWM7,,-0.24
P04083,,-0.33
P14678-3,,-0.27
Q8WV99,,-0.01
Q9UBI6,,-0.31
P04083,,0.06
E7EVU8,,0.35
Q9UNK0,,0.17
Q9UNH7,,-0.17
Q9NSG2,,0.39
Q96T23,,0.70
Q96EX3,,-0.09
P13796,,2.22
Q00839,,0.30
P54578,,0.15
Q9Y5X1,,-0.10
Q68CP9,,0.06
P30414,,-0.19
B4DUT8,,-0.34
O00750,,-0.04
Q9Y657,,-0.18
Q8NFH4,,-0.06
Q7KZF4,,-0.17
Q9BRJ7,,-0.11
P61221,,-0.12
E7EVU8,,0.25
Q9UKM9,,0.18
Q13618,,0.23
Q96T23,,0.78
Q96T23,,0.71
Q96T23,,0.52
Q01105-2,,-0.14
Q15758,,0.41
P26641,,-0.24
P31942,,-0.03
G8JLB6,,0.27
P07737,,0.29
P07737,,-0.10
P23246,,-0.03
P04899,,-0.54
Q96G46,,-0.33
Q9H000,,0.13
P17844,,-0.11
P17844,,-0.03
P78371,,-0.05
P47756,,0.30
E7EQ40,,0.11
P13639,,-0.36
A4D2Q0,,0.05
O15347,,0.74
E9PGS1,,0.19
Q9UBC2-2,,0.47
Q15029,,0.49
Q15345,,0.59
Q8IY63,,0.32
Q13098-7,,0.00
P61160,,-0.11
P61160,,-0.20
P61160,,0.20
Q99569,,-0.10
P68104,,-0.26
P20700,,0.25
Q99961,,-0.14
O14818,,0.31
Q9NTJ3,,-0.13
Q9NS91,,0.45
Q9UHX1-2,,-0.28
Q16531,,0.29
P25787,,0.28
O60925,,0.33
P46940,,-0.14
Q9NYF8,,0.33
P33991,,-0.12
P09496,,0.07
Q9Y2A7-2,,0.31
Q8WUB8,,-0.30
P18124,,-0.61
Q99661,,0.00
P07355-2,,0.21
P29401,,0.37
P46013,,-0.06
P62277,,0.29
P62277,,0.10
E7EQ40,,0.27
Q92621,,0.29
Q9NZ32,,0.31
Q92945,,0.40
Q92945,,-0.01
P04637,,-0.16
P55196-5,,-0.05
Q9UQB8,,0.32
Q6PJT7,,-0.45
Q15424,,0.48
P46013,,0.02
Q15436,,0.18
Q15437,,-0.19
P27694,,0.79
P37837,,0.26
P37837,,0.11
Q9H6H4,,-0.05
P01111,,0.04
Q8NEB9,,0.05
Q9NZ01,,0.09
P23921,,0.68
O75223,,0.09
O43242,,0.15
O43242,,0.34
Q15750,,0.11
P14174,,-0.02
O94964-2,,0.62
O60493,,-0.89
Q86U86,,0.48
Q15691,,0.47
P29966,,0.30
P09874,,-0.20
P50990,,0.25
Q96T88,,0.17
P06733,,0.30
P33993,,-0.32
Q9UNA4,,-0.12
Q9H078-2,,0.20
G5E9M5,,-0.23
P46459,,0.15
Q92674,,0.01
Q5ZPR3,,-0.15
P83731,,-0.01
F8W1H5,,0.33
P46013,,-0.40
Q5BJF6,,0.53
P61019,,0.38
Q96J01,,0.09
P14618,,0.39
P35221,,-2.20
P35221,,-0.25
Q6NZI2,,-0.17
Q6NZI2,,0.17
Q14697-2,,0.26
P46940,,-0.20
P49368,,-0.12
Q9C0C9,,-0.05
Q9H6Y7,,0.40
Q8NC42,,0.23
P62424,,-0.23
P62424,,-0.16
P37268,,0.02
Q16643,,0.34
Q9NR31,,0.30
P29590,,0.07
Q7Z569,,-0.01
P83731,,-0.26
Q7Z569,,0.29
P83731,,0.05
P07737,,0.10
Q8IZ07,,0.16
Q8IZ07,,0.44
Q92844,,0.53
P07355-2,,-0.39
P35579,,-0.10
Q96TA1,,-0.08
P05204,,0.53
P63010-2,,-0.17
P10644,,0.07
Q96PU4,,0.10
P13010,,0.37
P27348,,-0.02
O75643,,0.35
P53041,,0.19
Q9BQ61,,0.15
Q9H7Z7,,0.04
Q6SJ93,,0.34
P51178-2,,0.34
P35579,,0.35
P27348,,0.35
Q06323,,0.31
Q9UHB7,,-0.49
O00186,,0.63
O00186,,0.97
Q9Y678,,0.34
Q92797,,-0.35
O95292,,0.71
P62328,,-0.29
P62328,,-0.03
Q12830,,-0.17
Q9Y4E5,,0.09
P01111,,-0.46
Q8N7H5,,0.25
Q32Q12,,0.44
G3V1Z5,,-0.07
Q8IY22,,-0.90
Q15233,,0.22
P09661,,0.03
Q92917,,-0.29
P12956,,0.38
Q8IYA6,,-0.24
Q9Y296,,-0.31
B0YIW6,,0.10
O14908,,0.04
P06744,,0.42
P07737,,0.54
P62879,,0.43
G8JLA2,,0.46
O60566-3,,0.15
Q9UNN5,,0.38
Q9BZZ5,,0.06
Q8TAT6-2,,0.52
O75083,,-0.45
Q96T23,,0.90
O75688,,-0.15
Q9H7F0,,0.28
Q14CA3,,-0.01
P23193,,-0.39
P23193,,-0.05
P19338,,0.37
G5E9Q2,,0.32
P49757,,-0.26
P12270,,-0.91
Q9UKX7,,0.83
G5E9Q2,,-0.05
Q96J02,,0.31
Q9H7N4,,-0.60
B7Z2A4,,0.38
Q6UN15,,0.38
Q9UJ41,,0.40
O15381,,0.49
Q6PJT7,,0.46
Q5T4S7-2,,0.21
Q9Y4E5,,0.73
Q01581,,-0.07
P62888,,0.25
P49327,,0.08
P25786-2,,0.38
E7EPK6,,-0.10
Q15417,,-0.13
Q15417,,-0.07
Q15417,,-0.06
Q15738,,0.33
P78504,,0.72
P78504,,0.87
P78504,,0.81
P49674,,0.48
O95235,,0.58
Q7L014,,0.13
P06733,,0.45
Q06830,,0.12
P68104,,-0.54
P68104,,0.31
P68104,,-0.21
P68366,,0.84
Q9Y490,,-0.29
Q15907,,-0.04
Q9UBW8,,0.83
P19388,,0.54
P32969,,0.29
Q9BR77,,0.91
Q8N3C0,,0.48
O15144,,0.00
O00161,,-0.31
Q9UNA1,,0.72
P31689,,0.26
Q15393,,-0.36
Q9UHB9,,0.75
P07355-2,,0.10
P31350,,0.26
Q15003,,-0.23
O95573,,0.41
Q9BY77,,0.17
Q9P258,,0.65
P04792,,-0.10
Q07955,,-0.15
Q5VYK3,,-0.22
P07900-2,,0.36
Q16531,,0.23
Q9Y4C2,,0.08
P07355-2,,-0.05
P48643,,0.25
P68036,,-0.15
O00459,,0.22
Q9HC07,,-0.09
Q14CA3,,-0.51
P78527,,-0.61
Q969X6,,0.33
Q9H307,,0.34
P08238,,0.64
P07900-2,,0.47
P08238,,0.32
Q96G28-2,,-0.17
Q92674,,-0.05
Q8IZ07,,0.38
P60228,,0.50
P07737,,0.26
P62263,,0.34
P04792,,0.39
Q07955,,0.11
Q07955,,0.23
P48643,,-0.07
P48643,,0.30
P68036,,0.29
P07355-2,,0.13
Q15233,,0.55
P12755,,0.65
P35251,,0.54
P35251,,0.49
Q14974,,0.28
Q6PKG0,,0.15
P02545,,-0.10
P43487,,-0.35
Q99590,,-0.65
P16871,,0.33
P16871,,0.46
P16871,,0.24
P36956-4,,0.78
Q05519,,0.53
O60488,,-0.16
P13010,,0.36
P13010,,-0.15
Q9H8M2,,-0.11
P10721,,0.36
P09874,,0.87
P00338-3,,0.31
P00338-3,,0.30
P16220,,-0.04
Q9NZ52,,0.42
Q8NG11,,0.45
P05412,,-0.12
Q9H9Q2,,0.62
Q9H9Q2,,0.40
Q9BZX2,,0.10
P54760,,-0.22
Q7Z3T8,,0.15
Q9BVA1,,0.85
P40763,,-0.13
P55072,,0.38
Q9UJX3,,-0.03
Q12933-2,,0.33
P08670,,0.25
B0V043,,0.68
Q9H8M9,,0.35
P40227,,0.27
Q92830,,0.45
Q9H307,,0.24
Q9BWT7,,-0.75
P54727,,0.15
P40306,,-0.30
P62081,,0.10
P62987,,0.41
P08238,,-0.11
Q6P1M3,,0.43
Q06330,,-0.13
P31946,,0.00
E9PSI1,,-0.28
G5E948,,0.60
Q9Y4E5,,1.04
Q15717,,0.39
Q71RC2-4,,-0.18
C9JP52,,0.27
Q96S55,,-0.06
P08670,,0.09
P08133,,-0.63
O75312,,0.30
Q9UKX7,,-0.07
P52292,,0.20
Q96A57-2,,0.12
Q96A57-2,,-0.20
Q96A57-2,,0.14
Q96A57-2,,-0.14
P11766,,-0.28
Q96H20,,0.33
P40227,,-0.06
O60493,,-0.10
Q07020,,-0.02
Q9HA64,,0.03
Q9UKM9,,0.32
Q49A26,,-0.49
Q9NXE4-4,,-0.21
P07355-2,,0.14
Q99460,,-0.32
P46821,,0.13
Q4KMQ2-2,,-0.20
Q9Y5V3-2,,0.17
O94955,,0.10
Q9NRR5,,0.42
P55884-2,,0.03
P00338-3,,0.01
Q9NYJ8,,0.56
Q9UMX0,,0.25
O94776,,0.21
P23634-6,,0.12
O15126,,0.36
Q6PKG0,,0.36
Q16576,,0.15
Q16576,,0.65
Q9NZV1,,0.42
P46013,,-0.29
Q96J84-2,,0.45
Q9Y6M5,,0.43
P23634-6,,0.09
Q93034,,0.34
Q9UBC2-2,,-0.27
E9PF99,,0.18
A7YIJ8,,-0.17
P23396,,0.21
P23396,,-0.16
Q9NZ32,,-0.39
Q1KMD3,,-0.06
O75475,,0.22
Q6NZI2,,0.40
Q9Y5V3-2,,-0.27
Q9UG63,,-0.17
P23921,,0.24
Q6SJ93,,-0.14
Q8N0X7,,0.02
P61981,,0.02
P78527,,0.27
Q58WW2-3,,0.43
O15144,,-0.15
P46013,,0.18
P46821,,-0.02
Q96G74,,-0.26
Q96G74,,0.09
Q96G74,,-0.36
A8MSW2,,-0.35
Q5JWU6,,-0.64
Q9BV86,,0.05
O95619,,0.29
Q9UBZ4,,0.09
P46013,,-0.32
Q01831,,0.40
Q9Y3E5,,-0.01
O95456,,-0.21
P50991,,-0.27
O75116,,-0.56
Q5EBL4,,-0.21
F5H3A1,,0.71
P23634-6,,0.79
Q8N1F7,,-0.01
P49790,,0.39
Q99460,,0.63
Q99460,,0.56
O43290,,0.29
P29317,,-0.52
Q6P2H3,,-0.21
P33991,,0.39
Q86XR8,,0.48
O95782,,0.41
Q03188,,0.20
Q6P2Q9,,0.28
O43681,,-0.17
E7EVA0,,0.12
O94776,,-0.22
P30530,,0.12
P30530,,0.10
P98170,,0.57
E7EPK6,,0.35
E7EPK6,,0.10
Q9Y2I1,,-0.09
Q92499,,-0.18
Q6P1J9,,0.02
Q96J01,,-0.30
O60884,,-0.04
P46821,,-0.19
P46821,,0.24
Q96S55,,0.45
Q96S55,,0.19
Q96S55,,-0.04
P48643,,-0.26
O14730,,0.13
Q6PCB5,,1.03
Q9C0B5,,-0.03
Q6PJT7,,0.52
P52294,,-0.17
Q16630-2,,0.27
Q12772,,0.04
Q9H3F6,,0.17
Q9H3F6,,0.59
Q9H3F6,,0.05
P53794,,-0.30
P46777,,0.19
Q02241,,0.41
Q12789,,-0.31
P35659,,-1.05
P49750-4,,0.48
Q96C86,,0.10
Q9BUJ2,,0.00
Q9BUJ2,,0.56
Q00839,,0.20
A6NFX8,,0.09
Q14683,,0.10
O60664,,0.11
E7EUT4,,0.30
P31948,,0.42
P0CG29,,0.11
P01111,,0.05
O95155,,0.22
P56282,,-0.20
A8CG34,,0.54
Q9C0B5,,-0.21
P35237,,0.61
F5H1U9,,0.12
Q96AX1,,0.37
P35579,,0.18
Q99460,,0.78
Q99460,,0.60
Q9H0H5,,0.15
P32969,,-0.11
Q9Y490,,-0.03
Q9Y490,,-0.06
Q9UHV9,,0.10
P08621,,0.54
Q9UBZ4,,0.01
O75367,,-0.29
O75367,,-0.07
P00387-3,,0.29
O75367,,0.04
P17707,,0.25
P02545,,0.17
P25205,,-0.06
Q8TAT5,,-0.24
Q9UBB4,,0.38
E9PL17,,-0.14
P31641,,0.15
P46939,,-0.20
P11940,,0.42
O43491,,0.38
P52209,,0.46
P62805,,-0.11
O75821,,-0.21
O75821,,-0.11
Q9NS91,,0.00
Q9NZN4,,0.18
Q9BXF6,,0.61
O95865,,0.20
Q14151,,-0.54
O75110,,-0.29
Q5T8P6,,1.95
Q9ULT8,,0.60
Q92905,,-0.14
Q8N1F7,,0.27
P46013,,-0.09
G5EA30,,0.17
P13010,,0.41
Q12874,,0.27
P31948,,0.39
P27824,,-0.09
P62166,,0.28
O95298,,-0.09
Q9BV86,,0.27
Q8WWQ0,,0.37
P02545,,0.38
Q9H5H4,,-0.08
P15880,,0.26
C9JGA8,,0.26
P29317,,-0.14
P46939,,0.51
Q9BTU6,,0.11
Q02241,,0.12
Q00610,,0.29
O00151,,0.43
P49721,,0.28
P49721,,-0.02
P35579,,0.15
P35579,,-0.27
P35579,,-0.25
Q99536,,-0.05
O15371,,0.43
Q99549,,-0.29
G3V3G9,,-0.05
G3V3G9,,-0.05
P61221,,-0.33
Q9UKX7,,0.19
Q13112,,-0.47
Q96GS6-2,,0.65
Q96GS6-2,,0.47
Q9UKM9,,0.53
A8MU27,,0.55
A8MU27,,0.54
A8MU27,,0.19
A8MU27,,0.23
P78406,,0.22
P55072,,0.19
P55072,,0.13
P55072,,-0.09
E7ETS8,,0.29
E7ENU4,,0.03
Q9UBE0,,-0.39
Q9UBE0,,-0.14
P30530,,0.17
P30530,,0.31
F8VVA7,,-0.11
O60244,,0.21
Q9UG63,,-0.12
Q12789,,-0.33
B0YIW6,,-0.10
P62424,,0.16
Q9Y5Q0,,0.17
Q96T23,,0.51
Q9UPN4-2,,0.16
Q03468,,0.84
P12268,,0.24
P09497,,0.14
Q99729-3,,0.15
Q9H0H5,,0.21
P17302,,-0.09
P17302,,-0.24
P17302,,-0.40
P17302,,-0.42
Q92922,,0.17
Q8TAQ2,,0.08
Q9Y3I0,,0.09
Q15417,,0.83
F5H0C4,,0.11
P13639,,0.40
P06213,,-0.46
Q6UXN9,,0.12
P23526,,0.09
Q9BY44,,0.57
Q9H3S7,,0.11
Q9Y315,,-0.17
E7EVU8,,0.06
Q99590,,0.06
P08708,,-0.12
G5E9Q2,,0.84
P62826,,0.29
P62826,,0.32
Q86T03-2,,-0.36
H0Y3A6,,0.10
P13667,,-0.03
Q9NS91,,0.62
Q9NS91,,0.36
Q6NZI2,,0.01
P52209,,0.49
O14929,,0.78
P62979,,0.31
P62906,,0.36
P00558,,0.59
Q13616,,0.12
Q7L523,,-0.10
Q09666,,0.25
Q09666,,0.05
Q09666,,0.07
Q09666,,-0.09
Q09666,,-0.02
P36578,,-0.01
Q9UMX1,,-0.67
P04075,,0.48
A8MXP9,,-0.11
P46013,,0.83
Q14318-2,,0.24
P78371,,-0.58
Q9UBE0,,-0.23
Q9UBE0,,-0.28
P61981,,-0.14
P55884-2,,-0.14
Q16625,,0.13
Q09666,,-0.27
Q09666,,0.10
Q99442,,-0.07
Q13595,,0.27
P38159,,-0.16
P06748,,-0.25
Q15819,,0.26
Q9Y4W2,,0.16
Q96DN5,,-0.31
Q13185,,0.38
Q02543,,0.24
Q96A33,,0.61
Q16881,,0.38
Q09666,,-0.06
Q09666,,-0.13
Q09666,,-0.13
Q09666,,0.14
Q09666,,0.20
Q09666,,0.06
Q92925,,-0.22
O95140,,-0.21
Q09666,,-0.21
P09758,,-0.17
Q14558-2,,-0.02
Q99426,,0.20
P83731,,0.30
Q9BSJ8-2,,0.29
P09543,,0.56
Q76L83,,0.09
Q76L83,,0.37
Q76L83,,0.44
Q8IXJ9,,0.49
C0LZJ3,,0.32
Q09666,,-0.27
Q09666,,-0.49
Q09666,,-0.15
Q09666,,-0.45
Q15061,,0.48
P68104,,-0.02
P68104,,0.29
Q9NRC1,,0.12
Q01105-2,,0.22
Q9H490,,0.04
P12956,,0.21
O95503,,-0.65
P40429,,0.47
Q99613,,-0.26
H0Y7A7,,0.35
P08590,,-0.01
O15145,,-0.14
O00264,,0.34
O15173,,-0.19
H0YG49,,0.33
Q9P2J5,,0.54
Q8TAT6-2,,0.33
Q53FV1,,1.23
P55011,,-0.19
P07910-2,,0.06
P07910-2,,0.09
Q02952,,-0.13
Q8IWV7,,0.13
P11388-4,,0.62
Q9Y281,,0.42
Q14558-2,,-0.36
P13639,,-0.19
P61011,,0.31
P67775,,0.60
Q96Q45-3,,0.57
P27348,,0.18
P27348,,-0.14
P62258,,0.49
O60488,,0.31
O94776,,0.48
O94776,,0.36
P10599,,0.21
P52272,,-0.09
O60566-3,,0.43
Q8IY63,,0.07
Q09666,,0.07
O60749,,-0.23
O00308,,0.25
Q92616,,0.43
Q92979,,0.14
Q9Y490,,-0.21
Q9BSD7,,0.16
Q8NFW8,,0.28
G5E9M5,,0.25
Q9C0B1,,-0.02
Q13200,,0.21
Q13200,,0.12
P40855,,0.34
Q9UKN8,,-0.04
Q2TAL8,,-0.03
P62266,,0.36
Q09666,,-0.15
P46013,,-0.08
Q16576,,0.48
Q13505,,0.32
P62195,,0.05
Q14592,,0.00
Q8NBQ5,,0.17
Q8NBQ5,,0.11
P25490,,0.18
P60174,,-0.01
Q9P2J5,,0.01
P49915,,0.57
P04818,,0.05
P42285,,0.13
B8ZZN6,,-0.07
B8ZZN6,,-0.01
A8MXP9,,0.22
P08708,,0.21
P31153,,0.14
Q96DN5,,0.44
Q92979,,0.42
P31153,,0.47
Q96RL1,,0.17
P08238,,-0.02
P16615,,0.62
F5H3A1,,0.30
F5H3A1,,0.49
Q99460,,0.31
Q16576,,0.21
Q16576,,-0.17
P22102,,-0.21
P55072,,0.30
P55072,,0.00
P55072,,-0.11
Q15019-2,,0.20
E7ERF5,,-0.24
O15381,,0.28
O95714,,-0.08
P05387,,-0.20
P35579,,-0.17
P27348,,0.09
Q04917,,0.42
P61981,,0.11
P26373,,-0.49
Q7KZF4,,0.02
P54136,,0.08
P09543,,-0.06
Q14683,,0.17
P18077,,-0.30
A7YIJ8,,-0.23
P13010,,-0.28
P13010,,-0.17
P00558,,0.58
P62316,,0.06
P17980,,-0.01
Q9BZL1,,-0.18
O43402,,0.15
P06400,,-0.14
Q03252,,0.16
E9PG89,,0.41
P62937,,-0.06
Q00341,,0.30
O75475,,0.02
Q09666,,0.19
Q09666,,-0.66
Q09666,,0.00
Q09666,,-0.26
Q09666,,-0.31
Q09666,,0.18
Q09666,,-0.20
Q13347,,0.22
P53621,,0.27
Q96SK2,,0.37
Q9H832,,-0.12
Q99536,,0.68
O14579,,-0.07
Q9H6X2,,0.35
Q96PZ2,,0.08
Q7L2H7,,0.63
Q12905,,0.08
Q12905,,-0.01
P10275,,0.25
P35579,,-0.16
Q16513,,-0.34
Q14592,,-0.05
Q00610,,-0.75
P43246,,-0.28
Q9NTK5,,-0.15
Q9HB71,,0.46
P46926,,-0.28
Q9UKM9,,-0.17
P46939,,-0.37
O75369-8,,0.10
P27694,,0.38
P04406,,-0.18
Q14980,,0.37
P35579,,0.37
P63218,,0.20
P05783,,0.33
P35221,,0.60
Q09666,,-0.01
Q9NQX7,,-0.23
A7YIJ8,,-0.86
O95551-2,,0.77
Q12905,,0.67
Q9Y3B9,,0.13
Q14592,,-0.08
Q14592,,0.27
Q9UKM9,,-0.22
P46939,,-0.10
Q9Y287,,-0.48
P11388-4,,0.70
P05388,,0.11
Q02878,,0.09
Q02878,,-0.05
Q02878,,-0.07
Q16760,,-0.70
G8JLA2,,0.50
P04083,,-0.09
P29401,,-0.16
P34896,,-0.20
P41250,,0.23
P29317,,0.14
P04035,,0.03
P61160,,0.04
Q99653,,0.14
O14979,,0.08
Q86UW9,,0.52
P26038,,-0.09
P26038,,0.49
P26038,,0.14
A7YIJ8,,0.40
P62913,,0.28
F8WCA0,,0.21
Q13451,,0.55
P07814,,0.04
P26599-3,,0.09
Q14181,,-0.27
Q14683,,-0.18
Q14683,,0.16
G5E9M5,,-0.18
G5E9M5,,0.04
G8JLA2,,0.25
P10644,,-0.60
P19784,,-0.39
Q14498-2,,0.71
O75592,,0.98
Q8TAF3,,0.49
E7ENU4,,0.03
Q07666,,0.18
Q07666,,-0.35
P35611-3,,0.11
Q8N684-3,,0.23
Q8N684-3,,0.12
Q96S55,,0.49
Q9NUQ9,,0.80
Q14444,,-1.96
P61160,,0.03
Q9BZQ8,,0.09
O95071,,0.09
P61160,,-0.03
Q9Y3Z3,,0.29
Q9HB71,,0.60
Q9Y6D9,,-0.03
P35579,,-0.15
P51511,,0.12
Q7Z417,,-0.60
O00244,,-0.13
P25789,,0.20
Q92538,,-0.48
Q96T23,,0.55
P39019,,-0.08
O60353,,-0.25
Q96GD4,,-0.36
Q9UPN4-2,,0.43
Q01105-2,,0.18
O60503,,-0.40
E7ETS8,,-0.11
P31947,,0.20
Q14683,,0.39
P30086,,0.18
P42766,,-0.29
Q13263,,0.43
P11216,,0.05
Q12834,,-0.06
Q9Y5J1,,0.04
Q4VC05-2,,0.13
Q8NC67,,-0.18
P15311,,0.32
P51809,,0.23
Q6NZI2,,0.25
Q6NZI2,,0.26
Q08945,,0.28
Q08945,,-0.31
Q8IVM0,,-0.28
P13639,,-0.04
Q86TG7,,0.14
Q32Q12,,0.48
P50502,,0.27
Q99460,,0.49
Q9NSD9,,0.60
P37268,,0.17
O75347,,-0.01
O75347,,-0.04
Q16643,,0.03
Q15738,,0.23
P49454,,-0.16
Q96KA5,,0.53
P31689,,0.43
P31689,,0.42
P35268,,0.14
Q9GZS3,,0.25
Q5TGA3,,0.00
O60488,,0.49
Q9UGN5-2,,0.49
Q5T9B7,,0.19
F8WCA0,,0.75
Q09666,,-0.72
P08621,,-0.12
P23526,,0.22
P40938,,0.23
Q13200,,0.12
Q09666,,-0.39
Q99832,,-0.11
O14975,,0.29
Q9BRJ7,,-0.07
C9JEH3,,-0.04
Q6NZI2,,-0.23
G5E9Q2,,0.52
Q9P2I0,,0.36
Q09666,,0.04
Q09666,,-0.19
Q15018,,-0.28
Q96F44,,0.21
Q08357,,-0.24
O43707,,0.25
Q15942,,0.32
Q9NVF7,,0.02
O43390,,-0.06
Q9NZL9,,0.23
O95793,,0.68
Q8TDX7,,0.07
Q8WUY9,,0.00
E7ENH9,,0.13
Q92621,,-0.16
H0YG33,,0.23
Q96DX7,,0.31
P62304,,0.26
Q7Z3B4,,-0.36
Q9UBC2-2,,0.04
Q9Y5V3-2,,0.47
Q06323,,0.32
Q9H269,,0.25
P49368,,-0.29
Q7LBR1,,-0.17
Q9HD42,,-0.30
Q9UBZ4,,0.03
H7C2Q8,,0.13
O75935,,0.09
P11142,,0.36
P54652,,0.16
H0YG33,,0.41
Q02447,,0.35
Q9C0C9,,-0.07
Q14204,,0.53
Q15392,,-0.28
P02545,,-0.17
P35579,,0.08
P09382,,-0.17
E7ERF5,,0.04
O75347,,-0.24
Q8WX92,,0.21
P30876,,0.30
Q09666,,-0.12
P41091,,-0.23
Q00839,,0.21
P04843,,-0.21
O14737,,0.05
O14737,,-0.12
P62937,,0.21
P62937,,0.40
Q9Y3T9,,0.16
P26599-3,,0.07
Q9UQE7,,0.23
Q9BYE7,,0.19
Q9Y4B6,,0.84
P62195,,0.71
O15400,,0.37
P10644,,-0.04
Q7Z3B1,,-0.15
E7ENU4,,0.28
O00767,,0.28
Q9UNF1,,-0.13
Q9UBI6,,0.16
P49768,,-0.25
Q7Z5G4,,0.42
P25685,,-0.16
P04035,,0.22
Q09666,,0.09
Q8IZT6,,0.10
Q8N0X7,,0.09
Q9UBE0,,0.38
Q9H013,,-0.08
Q9Y6I3-1,,-0.06
O14737,,0.12
O75475,,0.06
Q06587,,0.24
P05114,,0.67
P30153,,0.45
P28074,,0.40
P68543,,0.36
P11142,,0.01
Q9UP95,,0.16
Q9UP95,,0.48
P46060,,-0.18
Q99460,,0.05
Q09666,,0.24
Q14160-3,,-0.45
Q6NZI2,,0.35
P12270,,-0.75
Q969E8,,0.35
Q9BRA2,,0.36
P49458,,0.43
P49790,,-0.07
O60506,,0.04
O95071,,0.54
Q9Y287,,-0.26
P42167,,0.22
P17980,,0.12
P25205,,-0.85
Q6FI13,,0.48
Q6FI13,,0.11
Q6FI13,,0.09
Q6FI13,,0.14
Q6FI13,,0.11
Q6FI13,,0.13
Q6FI13,,0.19
Q6FI13,,0.47
Q8WUW1-2,,0.14
Q7LBR1,,0.16
P62191,,0.09
P62191,,0.09
Q96HE9,,0.17
Q6DKI1,,-0.02
P34932,,0.28
Q01581,,-0.16
Q1KMD3,,0.25
P49327,,0.44
P49327,,0.33
P07900-2,,0.33
P62826,,0.18
P35268,,0.65
P11940,,0.02
P25705,,-0.06
G3V1S2,,0.16
E7EUT4,,-0.08
O00231,,0.18
Q8ND90,,-0.08
P40763,,0.33
P55072,,0.70
Q15424,,0.25
P52209,,0.07
Q14657,,-0.11
P62834,,0.13
P43686,,0.68
P62191,,0.17
Q8IX01,,0.11
P09960,,0.20
Q04446,,1.05
P23634-6,,-0.23
P45973,,-0.05
Q9HDC9,,-0.10
E7EUT4,,0.04
Q92797,,-0.48
Q96T88,,-0.33
P60174,,0.51
Q9BXB4,,0.17
D6REX3,,0.00
Q15645,,0.03
O75533,,0.50
Q13185,,-0.08
P62424,,-0.20
P62424,,-0.29
P48509,,0.22
Q9Y597,,0.09
Q99471,,-0.06
P05783,,0.40
Q9NZ52,,0.12
P63104,,0.30
P63104,,0.05
P62333,,0.21
Q99536,,-0.18
Q8WWQ0,,0.48
Q8WWQ0,,0.15
O60493,,-0.28
P49327,,0.43
P49327,,0.10
P49327,,0.05
Q07955,,0.03
P26368,,0.42
P26368,,0.22
Q6PGP7,,-0.11
Q6P2Q9,,-0.57
Q92797,,-0.29
O60506,,0.54
Q5VVJ2,,0.36
P63244,,-0.25
Q8NEB9,,-0.32
Q9H3M7,,0.30
P07355-2,,-0.23
Q01974,,0.10
Q01974,,0.57
O95864,,-0.47
P46778,,-0.55
Q03468,,0.21
P04083,,1.09
O60502,,0.33
Q8IZ07,,0.10
Q16629,,0.32
Q96J02,,0.19
P48960,,0.19
Q9NRX4,,-0.08
O00233,,0.53
Q9NX61,,0.65
Q86TG7,,0.11
Q9Y4X5,,-0.09
P49916,,-0.15
P33992,,-0.53
P38606,,0.00
Q92900,,0.06
Q92900,,-0.27
P05556,,1.05
P05556,,0.47
Q9UIF9,,0.38
O43463,,0.10
P46939,,-0.52
P61353,,-0.11
Q9ULF5,,0.60
P62913,,-0.22
P62913,,0.33
Q9H6X2,,0.27
Q9H6X2,,0.41
Q86YT6,,0.64
P51991-2,,-0.19
P11387,,0.21
Q8IUW5,,-0.11
P17987,,0.20
Q9Y2U8,,-0.10
Q13185,,0.20
E9PCS5,,0.01
E9PCS5,,0.17
Q99618,,-0.18
O95782,,-0.01
Q96J02,,0.20
Q13185,,-0.12
P45973,,-0.13
E9PCS5,,0.10
Q96AG4,,0.32
Q8WXD5,,0.39
Q00610,,0.18
Q9BSJ6,,0.17
P09234,,0.31
Q9BZL1,,0.10
Q14204,,0.35
Q8NFW8,,-0.08
P78527,,-0.18
Q6P2Q9,,0.01
Q15022,,0.58
P39656,,0.53
P60953,,0.78
Q9UK53,,0.09
Q99459,,0.43
P09874,,0.01
Q9Y3B8,,0.17
Q9H6X2,,0.25
O75369-8,,-0.28
Q6SJ93,,-0.16
P33993,,-0.08
P46782,,-0.28
P60981,,0.29
Q9Y281,,0.59
Q9Y281,,0.75
Q9Y281,,0.35
Q9UHX1-2,,0.00
Q9NXE4-4,,0.01
Q9NR12,,-0.03
O75643,,0.11
P62820,,0.08
P04075,,0.37
O14746,,0.05
P17302,,0.62
P61221,,-0.17
Q00610,,0.73
Q9HCE1,,0.08
P51665,,0.43
Q6PJT7,,0.19
Q15223,,-0.20
Q99426,,0.11
Q99426,,-0.14
P62993,,-0.21
P62993,,0.07
P22314,,0.05
Q8WUM0,,-0.62
E7EUT4,,0.23
P04406,,0.42
B4DUT8,,0.29
P60900,,0.34
P63241-2,,-0.21
Q9UIG0,,0.53
P68104,,-0.05
P68104,,-0.12
P26583,,0.40
O94906,,-0.04
F5H3A1,,0.18
Q14683,,0.30
Q13433,,0.36
P46939,,0.14
Q9BSJ8-2,,-0.12
P13639,,0.16
A7MAP0,,0.12
Q9HBH5,,0.06
Q96PZ2,,0.10
Q96KQ7,,0.38
Q9ULJ7,,0.15
P26038,,-0.14
A7YIJ8,,0.10
Q13418,,0.12
P23246,,0.64
P23246,,0.41
P23246,,0.18
C9JYJ4,,-0.10
Q15233,,-0.02
P51991-2,,0.17
P07910-2,,-0.02
Q9UBW7,,0.24
P07355-2,,0.07
Q15233,,0.31
P07910,,0.21
P53801,,0.66
P26368,,0.37
Q15311,,-0.03
P13010,,0.09
Q14739,,0.08
Q14847,,0.30
Q14103,,0.07
Q00341,,-0.27
O14979,,0.24
Q13547,,0.31
Q92769,,-0.03
O14818,,-0.09
Q9H467,,0.20
G8JLB6,,0.50
P52597,,0.23
P52597,,0.11
P52597,,0.40
P35998,,0.25
P12268,,-0.35
P20042,,0.29
Q8NEN9,,-0.70
Q15434,,0.45
Q99496,,-0.24
P12268,,-0.40
P23458,,0.35
Q49A26,,-0.18
O43809,,-0.15
Q5T1Z8,,0.59
P62316,,0.38
P28370,,0.55
Q9Y2W1,,0.57
Q14739,,-0.75
Q5HY71,,0.02
P61758,,-1.26
Q92900,,0.15
E9PBD4,,-0.23
P23396,,0.18
Q96T23,,0.96
P05198,,-0.30
Q96IZ0,,-0.32
Q8WUB8,,-0.43
O14964,,-0.20
Q96CW1,,0.05
Q13501,,0.51
Q8IVM0,,0.37
Q92900,,0.11
Q92900,,0.46
P18583-5,,0.24
P62258,,0.28
P63104,,0.03
P63104,,0.20
Q04917,,0.21
Q04917,,0.01
O00567,,0.26
Q96T23,,0.79
P12270,,-0.12
Q99417,,0.45
F5GXA6,,-0.33
P09104,,-0.06
Q9H9B1,,0.39
Q9H9B1,,0.61
P07199,,-0.47
P18621,,-0.78
Q6XE24,,0.23
Q9UNF1,,-0.28
Q9NNW5,,0.28
P46777,,0.28
P46777,,-0.16
Q9Y5V3-2,,-0.01
Q9Y4W2,,0.28
Q16850,,0.63
P60842,,-0.19
O14579,,0.22
P13984,,0.33
Q9UHP3-3,,0.10
O15067,,0.01
P63173,,-0.43
P30153,,0.18
P27635,,-0.43
P62987,,-0.83
P63167,,-0.02
P63167,,-0.01
P36873-2,,-0.22
Q9NUQ2,,-0.17
Q96S55,,0.48
B1AKJ5,,-0.79
Q15678,,0.21
P61927,,-0.05
O00567,,0.31
Q8TAT5,,-0.26
P41250,,-0.42
Q9NVR0,,0.39
O60884,,-0.06
Q08211,,0.07
E9PCR8,,-0.23
O95810,,0.19
P40429,,0.02
P40429,,-0.17
P11940,,-0.31
Q14683,,0.07
P68431,,0.29
Q9Y508,,0.08
P50502,,0.08
Q9UQE7,,0.32
P23526,,-0.36
Q6FIF0,,0.11
Q6PIJ6,,0.41
P11388-4,,0.97
Q6PL18,,-0.02
Q9BQ70,,-0.53
Q9BRX2,,-0.27
Q9NQS7,,-0.20
Q16625,,0.10
O14964,,0.39
P61353,,-0.01
Q96JK2,,0.56
O00194,,0.01
Q8TAT6-2,,0.11
Q9NUP9,,0.42
Q93009,,0.44
Q14739,,0.02
P07814,,-0.04
P05387,,-0.15
E7ETS8,,-0.26
Q03135,,0.68
Q99471,,0.01
P60953,,0.38
G8JLB6,,0.18
Q06587,,-0.03
Q9NPA0,,-0.33
Q9BW19,,0.23
P49257,,0.04
Q9H553,,0.40
Q8TF42,,0.47
Q92769,,0.22
F8VVA7,,-0.07
P14866,,0.46
P34896,,0.04
P62979,,-0.22
P40261,,-0.15
P11388-4,,0.29
P62979,,0.10
P62979,,0.09
P62979,,-0.14
P62979,,0.00
P62979,,-0.14
P12004,,0.36
Q9H000,,0.51
Q8N183,,0.33
